file_path,file_name,extension,modality,status,processed_at,width_pixels,height_pixels,aspect_ratio,image_format,color_mode,file_size_bytes,error
C:\Users\USER\Documents\projects\maestria\POC\multimodal_DQ_analysis\data\images\archive\Broken\Broken_01.jpg,Broken_01.jpg,.jpg,image,SUCCESS,2026-05-27T22:15:06.571767,500.0,500.0,1.0,JPEG,RGB,96248,
C:\Users\USER\Documents\projects\maestria\POC\multimodal_DQ_analysis\data\images\archive\Broken\Broken_02.jpg,Broken_02.jpg,.jpg,image,SUCCESS,2026-05-27T22:15:06.573167,500.0,500.0,1.0,JPEG,RGB,90302,
C:\Users\USER\Documents\projects\maestria\POC\multimodal_DQ_analysis\data\images\archive\Broken\Broken_03.jpg,Broken_03.jpg,.jpg,image,SUCCESS,2026-05-27T22:15:06.574294,500.0,500.0,1.0,JPEG,RGB,91072,
C:\Users\USER\Documents\projects\maestria\POC\multimodal_DQ_analysis\data\images\archive\Broken\Broken_04.jpg,Broken_04.jpg,.jpg,image,SUCCESS,2026-05-27T22:15:06.575296,500.0,500.0,1.0,JPEG,RGB,82535,
C:\Users\USER\Documents\projects\maestria\POC\multimodal_DQ_analysis\data\images\archive\Broken\Broken_05.jpg,Broken_05.jpg,.jpg,image,SUCCESS,2026-05-27T22:15:06.576208,500.0,500.0,1.0,JPEG,RGB,85117,
C:\Users\USER\Documents\projects\maestria\POC\multimodal_DQ_analysis\data\images\archive\Broken\Broken_06.jpg,Broken_06.jpg,.jpg,image,SUCCESS,2026-05-27T22:15:06.577076,500.0,500.0,1.0,JPEG,RGB,90978,
C:\Users\USER\Documents\projects\maestria\POC\multimodal_DQ_analysis\data\images\archive\Broken\Broken_07.jpg,Broken_07.jpg,.jpg,image,SUCCESS,2026-05-27T22:15:06.577761,500.0,500.0,1.0,JPEG,RGB,87156,
C:\Users\USER\Documents\projects\maestria\POC\multimodal_DQ_analysis\data\images\archive\Broken\Broken_08.jpg,Broken_08.jpg,.jpg,image,SUCCESS,2026-05-27T22:15:06.578867,500.0,500.0,1.0,JPEG,RGB,81724,
C:\Users\USER\Documents\projects\maestria\POC\multimodal_DQ_analysis\data\images\archive\Broken\Broken_09.jpg,Broken_09.jpg,.jpg,image,SUCCESS,2026-05-27T22:15:06.580139,500.0,500.0,1.0,JPEG,RGB,81476,
C:\Users\USER\Documents\projects\maestria\POC\multimodal_DQ_analysis\data\images\archive\Broken\Broken_10.jpg,Broken_10.jpg,.jpg,image,SUCCESS,2026-05-27T22:15:06.581292,500.0,500.0,1.0,JPEG,RGB,79176,
C:\Users\USER\Documents\projects\maestria\POC\multimodal_DQ_analysis\data\images\archive\Broken\Broken_11.jpg,Broken_11.jpg,.jpg,image,SUCCESS,2026-05-27T22:15:06.582456,500.0,500.0,1.0,JPEG,RGB,93207,
C:\Users\USER\Documents\projects\maestria\POC\multimodal_DQ_analysis\data\images\archive\Broken\Broken_12.jpg,Broken_12.jpg,.jpg,image,SUCCESS,2026-05-27T22:15:06.583206,500.0,500.0,1.0,JPEG,RGB,110751,
C:\Users\USER\Documents\projects\maestria\POC\multimodal_DQ_analysis\data\images\archive\Broken\Broken_13.jpg,Broken_13.jpg,.jpg,image,SUCCESS,2026-05-27T22:15:06.584809,500.0,500.0,1.0,JPEG,RGB,95326,
C:\Users\USER\Documents\projects\maestria\POC\multimodal_DQ_analysis\data\images\archive\Broken\Broken_14.jpg,Broken_14.jpg,.jpg,image,SUCCESS,2026-05-27T22:15:06.585971,500.0,500.0,1.0,JPEG,RGB,105196,
C:\Users\USER\Documents\projects\maestria\POC\multimodal_DQ_analysis\data\images\archive\Broken\Broken_15.jpg,Broken_15.jpg,.jpg,image,SUCCESS,2026-05-27T22:15:06.586903,500.0,500.0,1.0,JPEG,RGB,97223,
C:\Users\USER\Documents\projects\maestria\POC\multimodal_DQ_analysis\data\images\archive\Broken\Broken_16.jpg,Broken_16.jpg,.jpg,image,SUCCESS,2026-05-27T22:15:06.587662,500.0,500.0,1.0,JPEG,RGB,98535,
C:\Users\USER\Documents\projects\maestria\POC\multimodal_DQ_analysis\data\images\archive\Broken\Broken_17.jpg,Broken_17.jpg,.jpg,image,SUCCESS,2026-05-27T22:15:06.588635,500.0,500.0,1.0,JPEG,RGB,98514,
C:\Users\USER\Documents\projects\maestria\POC\multimodal_DQ_analysis\data\images\archive\Broken\Broken_18.jpg,Broken_18.jpg,.jpg,image,SUCCESS,2026-05-27T22:15:06.589602,500.0,500.0,1.0,JPEG,RGB,93051,
C:\Users\USER\Documents\projects\maestria\POC\multimodal_DQ_analysis\data\images\archive\Broken\Broken_19.jpg,Broken_19.jpg,.jpg,image,SUCCESS,2026-05-27T22:15:06.590479,500.0,500.0,1.0,JPEG,RGB,105720,
C:\Users\USER\Documents\projects\maestria\POC\multimodal_DQ_analysis\data\images\archive\Broken\Broken_20.jpg,Broken_20.jpg,.jpg,image,SUCCESS,2026-05-27T22:15:06.591555,500.0,500.0,1.0,JPEG,RGB,100626,
C:\Users\USER\Documents\projects\maestria\POC\multimodal_DQ_analysis\data\images\archive\Broken\Broken_21.jpg,Broken_21.jpg,.jpg,image,SUCCESS,2026-05-27T22:15:06.592550,500.0,500.0,1.0,JPEG,RGB,97977,
C:\Users\USER\Documents\projects\maestria\POC\multimodal_DQ_analysis\data\images\archive\Broken\Broken_22.jpg,Broken_22.jpg,.jpg,image,SUCCESS,2026-05-27T22:15:06.593487,500.0,500.0,1.0,JPEG,RGB,111279,
C:\Users\USER\Documents\projects\maestria\POC\multimodal_DQ_analysis\data\images\archive\Broken\Broken_23.jpg,Broken_23.jpg,.jpg,image,SUCCESS,2026-05-27T22:15:06.594285,500.0,500.0,1.0,JPEG,RGB,100179,
C:\Users\USER\Documents\projects\maestria\POC\multimodal_DQ_analysis\data\images\archive\Broken\Broken_24.jpg,Broken_24.jpg,.jpg,image,SUCCESS,2026-05-27T22:15:06.595209,500.0,500.0,1.0,JPEG,RGB,95618,
C:\Users\USER\Documents\projects\maestria\POC\multimodal_DQ_analysis\data\images\archive\Broken\Broken_25.jpg,Broken_25.jpg,.jpg,image,SUCCESS,2026-05-27T22:15:06.596031,500.0,500.0,1.0,JPEG,RGB,101824,
C:\Users\USER\Documents\projects\maestria\POC\multimodal_DQ_analysis\data\images\archive\Broken\Broken_26.jpg,Broken_26.jpg,.jpg,image,SUCCESS,2026-05-27T22:15:06.600172,500.0,500.0,1.0,JPEG,RGB,102715,
C:\Users\USER\Documents\projects\maestria\POC\multimodal_DQ_analysis\data\images\archive\Broken\Broken_27.jpg,Broken_27.jpg,.jpg,image,SUCCESS,2026-05-27T22:15:06.601384,500.0,500.0,1.0,JPEG,RGB,96828,
C:\Users\USER\Documents\projects\maestria\POC\multimodal_DQ_analysis\data\images\archive\Broken\Broken_28.jpg,Broken_28.jpg,.jpg,image,SUCCESS,2026-05-27T22:15:06.602291,500.0,500.0,1.0,JPEG,RGB,90662,
C:\Users\USER\Documents\projects\maestria\POC\multimodal_DQ_analysis\data\images\archive\Broken\Broken_29.jpg,Broken_29.jpg,.jpg,image,SUCCESS,2026-05-27T22:15:06.603125,500.0,500.0,1.0,JPEG,RGB,106496,
C:\Users\USER\Documents\projects\maestria\POC\multimodal_DQ_analysis\data\images\archive\Broken\Broken_30.jpg,Broken_30.jpg,.jpg,image,SUCCESS,2026-05-27T22:15:06.603846,500.0,500.0,1.0,JPEG,RGB,72609,
C:\Users\USER\Documents\projects\maestria\POC\multimodal_DQ_analysis\data\images\archive\Broken\Broken_31.jpg,Broken_31.jpg,.jpg,image,SUCCESS,2026-05-27T22:15:06.604641,500.0,500.0,1.0,JPEG,RGB,88234,
C:\Users\USER\Documents\projects\maestria\POC\multimodal_DQ_analysis\data\images\archive\Broken\Broken_32.jpg,Broken_32.jpg,.jpg,image,SUCCESS,2026-05-27T22:15:06.605706,500.0,500.0,1.0,JPEG,RGB,89523,
C:\Users\USER\Documents\projects\maestria\POC\multimodal_DQ_analysis\data\images\archive\Broken\Broken_33.jpg,Broken_33.jpg,.jpg,image,SUCCESS,2026-05-27T22:15:06.606707,500.0,500.0,1.0,JPEG,RGB,85448,
C:\Users\USER\Documents\projects\maestria\POC\multimodal_DQ_analysis\data\images\archive\Broken\Broken_34.jpg,Broken_34.jpg,.jpg,image,SUCCESS,2026-05-27T22:15:06.607645,500.0,500.0,1.0,JPEG,RGB,101390,
C:\Users\USER\Documents\projects\maestria\POC\multimodal_DQ_analysis\data\images\archive\Broken\Broken_35.jpg,Broken_35.jpg,.jpg,image,SUCCESS,2026-05-27T22:15:06.608577,500.0,500.0,1.0,JPEG,RGB,94056,
C:\Users\USER\Documents\projects\maestria\POC\multimodal_DQ_analysis\data\images\archive\Broken\Broken_36.jpg,Broken_36.jpg,.jpg,image,SUCCESS,2026-05-27T22:15:06.609467,500.0,500.0,1.0,JPEG,RGB,85079,
C:\Users\USER\Documents\projects\maestria\POC\multimodal_DQ_analysis\data\images\archive\Broken\Broken_37.jpg,Broken_37.jpg,.jpg,image,SUCCESS,2026-05-27T22:15:06.610371,500.0,500.0,1.0,JPEG,RGB,76720,
C:\Users\USER\Documents\projects\maestria\POC\multimodal_DQ_analysis\data\images\archive\Broken\Broken_38.jpg,Broken_38.jpg,.jpg,image,SUCCESS,2026-05-27T22:15:06.611185,500.0,500.0,1.0,JPEG,RGB,86004,
C:\Users\USER\Documents\projects\maestria\POC\multimodal_DQ_analysis\data\images\archive\Broken\Broken_39.jpg,Broken_39.jpg,.jpg,image,SUCCESS,2026-05-27T22:15:06.612043,500.0,500.0,1.0,JPEG,RGB,84707,
C:\Users\USER\Documents\projects\maestria\POC\multimodal_DQ_analysis\data\images\archive\Broken\Broken_40.jpg,Broken_40.jpg,.jpg,image,SUCCESS,2026-05-27T22:15:06.612870,500.0,500.0,1.0,JPEG,RGB,79878,
C:\Users\USER\Documents\projects\maestria\POC\multimodal_DQ_analysis\data\images\archive\Broken\Broken_41.jpg,Broken_41.jpg,.jpg,image,SUCCESS,2026-05-27T22:15:06.613733,500.0,500.0,1.0,JPEG,RGB,95164,
C:\Users\USER\Documents\projects\maestria\POC\multimodal_DQ_analysis\data\images\archive\Broken\Broken_42.jpg,Broken_42.jpg,.jpg,image,SUCCESS,2026-05-27T22:15:06.614706,500.0,500.0,1.0,JPEG,RGB,90780,
C:\Users\USER\Documents\projects\maestria\POC\multimodal_DQ_analysis\data\images\archive\Broken\Broken_43.jpg,Broken_43.jpg,.jpg,image,SUCCESS,2026-05-27T22:15:06.615512,500.0,500.0,1.0,JPEG,RGB,95663,
C:\Users\USER\Documents\projects\maestria\POC\multimodal_DQ_analysis\data\images\archive\Broken\Broken_44.jpg,Broken_44.jpg,.jpg,image,SUCCESS,2026-05-27T22:15:06.616752,500.0,500.0,1.0,JPEG,RGB,100896,
C:\Users\USER\Documents\projects\maestria\POC\multimodal_DQ_analysis\data\images\archive\Broken\Broken_45.jpg,Broken_45.jpg,.jpg,image,SUCCESS,2026-05-27T22:15:06.617539,500.0,500.0,1.0,JPEG,RGB,97715,
C:\Users\USER\Documents\projects\maestria\POC\multimodal_DQ_analysis\data\images\archive\Broken\Broken_46.jpg,Broken_46.jpg,.jpg,image,SUCCESS,2026-05-27T22:15:06.618494,500.0,500.0,1.0,JPEG,RGB,93640,
C:\Users\USER\Documents\projects\maestria\POC\multimodal_DQ_analysis\data\images\archive\Broken\Broken_47.jpg,Broken_47.jpg,.jpg,image,SUCCESS,2026-05-27T22:15:06.619379,500.0,500.0,1.0,JPEG,RGB,87363,
C:\Users\USER\Documents\projects\maestria\POC\multimodal_DQ_analysis\data\images\archive\Broken\Broken_48.jpg,Broken_48.jpg,.jpg,image,SUCCESS,2026-05-27T22:15:06.620294,500.0,500.0,1.0,JPEG,RGB,98958,
C:\Users\USER\Documents\projects\maestria\POC\multimodal_DQ_analysis\data\images\archive\Broken\Broken_49.jpg,Broken_49.jpg,.jpg,image,SUCCESS,2026-05-27T22:15:06.621883,500.0,500.0,1.0,JPEG,RGB,94668,
C:\Users\USER\Documents\projects\maestria\POC\multimodal_DQ_analysis\data\images\archive\Broken\Broken_50.jpg,Broken_50.jpg,.jpg,image,SUCCESS,2026-05-27T22:15:06.623173,500.0,500.0,1.0,JPEG,RGB,93160,
C:\Users\USER\Documents\projects\maestria\POC\multimodal_DQ_analysis\data\images\archive\Broken\Broken_51.jpg,Broken_51.jpg,.jpg,image,SUCCESS,2026-05-27T22:15:06.624247,500.0,500.0,1.0,JPEG,RGB,100899,
C:\Users\USER\Documents\projects\maestria\POC\multimodal_DQ_analysis\data\images\archive\Broken\Broken_52.jpg,Broken_52.jpg,.jpg,image,SUCCESS,2026-05-27T22:15:06.626643,500.0,500.0,1.0,JPEG,RGB,96038,
C:\Users\USER\Documents\projects\maestria\POC\multimodal_DQ_analysis\data\images\archive\Broken\Broken_53.jpg,Broken_53.jpg,.jpg,image,SUCCESS,2026-05-27T22:15:06.629641,500.0,500.0,1.0,JPEG,RGB,88211,
C:\Users\USER\Documents\projects\maestria\POC\multimodal_DQ_analysis\data\images\archive\Broken\Broken_54.jpg,Broken_54.jpg,.jpg,image,SUCCESS,2026-05-27T22:15:06.630984,500.0,500.0,1.0,JPEG,RGB,106379,
C:\Users\USER\Documents\projects\maestria\POC\multimodal_DQ_analysis\data\images\archive\Broken\Broken_55.jpg,Broken_55.jpg,.jpg,image,SUCCESS,2026-05-27T22:15:06.631993,500.0,500.0,1.0,JPEG,RGB,102881,
C:\Users\USER\Documents\projects\maestria\POC\multimodal_DQ_analysis\data\images\archive\Broken\Broken_56.jpg,Broken_56.jpg,.jpg,image,SUCCESS,2026-05-27T22:15:06.633166,500.0,500.0,1.0,JPEG,RGB,106080,
C:\Users\USER\Documents\projects\maestria\POC\multimodal_DQ_analysis\data\images\archive\Broken\Broken_57.jpg,Broken_57.jpg,.jpg,image,SUCCESS,2026-05-27T22:15:06.634421,500.0,500.0,1.0,JPEG,RGB,100882,
C:\Users\USER\Documents\projects\maestria\POC\multimodal_DQ_analysis\data\images\archive\Broken\Broken_58.jpg,Broken_58.jpg,.jpg,image,SUCCESS,2026-05-27T22:15:06.635363,500.0,500.0,1.0,JPEG,RGB,108133,
C:\Users\USER\Documents\projects\maestria\POC\multimodal_DQ_analysis\data\images\archive\Broken\Broken_59.jpg,Broken_59.jpg,.jpg,image,SUCCESS,2026-05-27T22:15:06.637170,500.0,500.0,1.0,JPEG,RGB,89116,
C:\Users\USER\Documents\projects\maestria\POC\multimodal_DQ_analysis\data\images\archive\Broken\Broken_60.jpg,Broken_60.jpg,.jpg,image,SUCCESS,2026-05-27T22:15:06.638116,500.0,500.0,1.0,JPEG,RGB,96798,
C:\Users\USER\Documents\projects\maestria\POC\multimodal_DQ_analysis\data\images\archive\Broken\Broken_61.jpg,Broken_61.jpg,.jpg,image,SUCCESS,2026-05-27T22:15:06.639179,500.0,500.0,1.0,JPEG,RGB,92383,
C:\Users\USER\Documents\projects\maestria\POC\multimodal_DQ_analysis\data\images\archive\Broken\Broken_62.jpg,Broken_62.jpg,.jpg,image,SUCCESS,2026-05-27T22:15:06.640276,500.0,500.0,1.0,JPEG,RGB,100059,
C:\Users\USER\Documents\projects\maestria\POC\multimodal_DQ_analysis\data\images\archive\Cut\Cut_01.jpg,Cut_01.jpg,.jpg,image,SUCCESS,2026-05-27T22:15:06.640988,500.0,500.0,1.0,JPEG,RGB,105483,
C:\Users\USER\Documents\projects\maestria\POC\multimodal_DQ_analysis\data\images\archive\Cut\Cut_02.jpg,Cut_02.jpg,.jpg,image,SUCCESS,2026-05-27T22:15:06.642100,500.0,500.0,1.0,JPEG,RGB,113666,
C:\Users\USER\Documents\projects\maestria\POC\multimodal_DQ_analysis\data\images\archive\Cut\Cut_03.jpg,Cut_03.jpg,.jpg,image,SUCCESS,2026-05-27T22:15:06.643286,500.0,500.0,1.0,JPEG,RGB,117313,
C:\Users\USER\Documents\projects\maestria\POC\multimodal_DQ_analysis\data\images\archive\Cut\Cut_04.jpg,Cut_04.jpg,.jpg,image,SUCCESS,2026-05-27T22:15:06.644360,500.0,500.0,1.0,JPEG,RGB,120590,
C:\Users\USER\Documents\projects\maestria\POC\multimodal_DQ_analysis\data\images\archive\Cut\Cut_05.jpg,Cut_05.jpg,.jpg,image,SUCCESS,2026-05-27T22:15:06.645252,500.0,500.0,1.0,JPEG,RGB,116767,
C:\Users\USER\Documents\projects\maestria\POC\multimodal_DQ_analysis\data\images\archive\Cut\Cut_06.jpg,Cut_06.jpg,.jpg,image,SUCCESS,2026-05-27T22:15:06.646417,500.0,500.0,1.0,JPEG,RGB,117816,
C:\Users\USER\Documents\projects\maestria\POC\multimodal_DQ_analysis\data\images\archive\Cut\Cut_07.jpg,Cut_07.jpg,.jpg,image,SUCCESS,2026-05-27T22:15:06.647779,500.0,500.0,1.0,JPEG,RGB,116741,
C:\Users\USER\Documents\projects\maestria\POC\multimodal_DQ_analysis\data\images\archive\Cut\Cut_08.jpg,Cut_08.jpg,.jpg,image,SUCCESS,2026-05-27T22:15:06.648651,500.0,500.0,1.0,JPEG,RGB,119403,
C:\Users\USER\Documents\projects\maestria\POC\multimodal_DQ_analysis\data\images\archive\Cut\Cut_09.jpg,Cut_09.jpg,.jpg,image,SUCCESS,2026-05-27T22:15:06.649817,500.0,500.0,1.0,JPEG,RGB,115619,
C:\Users\USER\Documents\projects\maestria\POC\multimodal_DQ_analysis\data\images\archive\Cut\Cut_10.jpg,Cut_10.jpg,.jpg,image,SUCCESS,2026-05-27T22:15:06.650902,500.0,500.0,1.0,JPEG,RGB,116529,
C:\Users\USER\Documents\projects\maestria\POC\multimodal_DQ_analysis\data\images\archive\Cut\Cut_11.jpg,Cut_11.jpg,.jpg,image,SUCCESS,2026-05-27T22:15:06.652192,500.0,500.0,1.0,JPEG,RGB,119812,
C:\Users\USER\Documents\projects\maestria\POC\multimodal_DQ_analysis\data\images\archive\Cut\Cut_12.jpg,Cut_12.jpg,.jpg,image,SUCCESS,2026-05-27T22:15:06.654618,500.0,500.0,1.0,JPEG,RGB,116268,
C:\Users\USER\Documents\projects\maestria\POC\multimodal_DQ_analysis\data\images\archive\Cut\Cut_13.jpg,Cut_13.jpg,.jpg,image,SUCCESS,2026-05-27T22:15:06.656694,500.0,500.0,1.0,JPEG,RGB,124312,
C:\Users\USER\Documents\projects\maestria\POC\multimodal_DQ_analysis\data\images\archive\Cut\Cut_14.jpg,Cut_14.jpg,.jpg,image,SUCCESS,2026-05-27T22:15:06.658828,500.0,500.0,1.0,JPEG,RGB,123746,
C:\Users\USER\Documents\projects\maestria\POC\multimodal_DQ_analysis\data\images\archive\Cut\Cut_15.jpg,Cut_15.jpg,.jpg,image,SUCCESS,2026-05-27T22:15:06.660257,500.0,500.0,1.0,JPEG,RGB,105078,
C:\Users\USER\Documents\projects\maestria\POC\multimodal_DQ_analysis\data\images\archive\Cut\Cut_16.jpg,Cut_16.jpg,.jpg,image,SUCCESS,2026-05-27T22:15:06.661522,500.0,500.0,1.0,JPEG,RGB,115365,
C:\Users\USER\Documents\projects\maestria\POC\multimodal_DQ_analysis\data\images\archive\Cut\Cut_17.jpg,Cut_17.jpg,.jpg,image,SUCCESS,2026-05-27T22:15:06.664065,500.0,500.0,1.0,JPEG,RGB,118140,
C:\Users\USER\Documents\projects\maestria\POC\multimodal_DQ_analysis\data\images\archive\Cut\Cut_18.jpg,Cut_18.jpg,.jpg,image,SUCCESS,2026-05-27T22:15:06.667146,500.0,500.0,1.0,JPEG,RGB,106369,
C:\Users\USER\Documents\projects\maestria\POC\multimodal_DQ_analysis\data\images\archive\Cut\Cut_19.jpg,Cut_19.jpg,.jpg,image,SUCCESS,2026-05-27T22:15:06.669187,500.0,500.0,1.0,JPEG,RGB,114521,
C:\Users\USER\Documents\projects\maestria\POC\multimodal_DQ_analysis\data\images\archive\Cut\Cut_20.jpg,Cut_20.jpg,.jpg,image,SUCCESS,2026-05-27T22:15:06.670319,500.0,500.0,1.0,JPEG,RGB,113170,
C:\Users\USER\Documents\projects\maestria\POC\multimodal_DQ_analysis\data\images\archive\Cut\Cut_21.jpg,Cut_21.jpg,.jpg,image,SUCCESS,2026-05-27T22:15:06.671698,500.0,500.0,1.0,JPEG,RGB,121185,
C:\Users\USER\Documents\projects\maestria\POC\multimodal_DQ_analysis\data\images\archive\Cut\Cut_22.jpg,Cut_22.jpg,.jpg,image,SUCCESS,2026-05-27T22:15:06.672567,500.0,500.0,1.0,JPEG,RGB,105274,
C:\Users\USER\Documents\projects\maestria\POC\multimodal_DQ_analysis\data\images\archive\Cut\Cut_23.jpg,Cut_23.jpg,.jpg,image,SUCCESS,2026-05-27T22:15:06.674019,500.0,500.0,1.0,JPEG,RGB,116993,
C:\Users\USER\Documents\projects\maestria\POC\multimodal_DQ_analysis\data\images\archive\Cut\Cut_24.jpg,Cut_24.jpg,.jpg,image,SUCCESS,2026-05-27T22:15:06.675137,500.0,500.0,1.0,JPEG,RGB,117303,
C:\Users\USER\Documents\projects\maestria\POC\multimodal_DQ_analysis\data\images\archive\Cut\Cut_25.jpg,Cut_25.jpg,.jpg,image,SUCCESS,2026-05-27T22:15:06.676354,500.0,500.0,1.0,JPEG,RGB,113312,
C:\Users\USER\Documents\projects\maestria\POC\multimodal_DQ_analysis\data\images\archive\Cut\Cut_26.jpg,Cut_26.jpg,.jpg,image,SUCCESS,2026-05-27T22:15:06.677668,500.0,500.0,1.0,JPEG,RGB,111370,
C:\Users\USER\Documents\projects\maestria\POC\multimodal_DQ_analysis\data\images\archive\Cut\Cut_27.jpg,Cut_27.jpg,.jpg,image,SUCCESS,2026-05-27T22:15:06.679208,500.0,500.0,1.0,JPEG,RGB,117630,
C:\Users\USER\Documents\projects\maestria\POC\multimodal_DQ_analysis\data\images\archive\Cut\Cut_28.jpg,Cut_28.jpg,.jpg,image,SUCCESS,2026-05-27T22:15:06.680687,500.0,500.0,1.0,JPEG,RGB,116140,
C:\Users\USER\Documents\projects\maestria\POC\multimodal_DQ_analysis\data\images\archive\Cut\Cut_29.jpg,Cut_29.jpg,.jpg,image,SUCCESS,2026-05-27T22:15:06.681812,500.0,500.0,1.0,JPEG,RGB,112126,
C:\Users\USER\Documents\projects\maestria\POC\multimodal_DQ_analysis\data\images\archive\Cut\Cut_30.jpg,Cut_30.jpg,.jpg,image,SUCCESS,2026-05-27T22:15:06.683463,500.0,500.0,1.0,JPEG,RGB,123634,
C:\Users\USER\Documents\projects\maestria\POC\multimodal_DQ_analysis\data\images\archive\Cut\Cut_31.jpg,Cut_31.jpg,.jpg,image,SUCCESS,2026-05-27T22:15:06.684685,500.0,500.0,1.0,JPEG,RGB,116773,
C:\Users\USER\Documents\projects\maestria\POC\multimodal_DQ_analysis\data\images\archive\Cut\Cut_32.jpg,Cut_32.jpg,.jpg,image,SUCCESS,2026-05-27T22:15:06.686338,500.0,500.0,1.0,JPEG,RGB,116979,
C:\Users\USER\Documents\projects\maestria\POC\multimodal_DQ_analysis\data\images\archive\Cut\Cut_33.jpg,Cut_33.jpg,.jpg,image,SUCCESS,2026-05-27T22:15:06.687696,500.0,500.0,1.0,JPEG,RGB,117001,
C:\Users\USER\Documents\projects\maestria\POC\multimodal_DQ_analysis\data\images\archive\Cut\Cut_34.jpg,Cut_34.jpg,.jpg,image,SUCCESS,2026-05-27T22:15:06.689056,500.0,500.0,1.0,JPEG,RGB,117980,
C:\Users\USER\Documents\projects\maestria\POC\multimodal_DQ_analysis\data\images\archive\Cut\Cut_35.jpg,Cut_35.jpg,.jpg,image,SUCCESS,2026-05-27T22:15:06.690220,500.0,500.0,1.0,JPEG,RGB,107006,
C:\Users\USER\Documents\projects\maestria\POC\multimodal_DQ_analysis\data\images\archive\Cut\Cut_36.jpg,Cut_36.jpg,.jpg,image,SUCCESS,2026-05-27T22:15:06.691368,500.0,500.0,1.0,JPEG,RGB,118202,
C:\Users\USER\Documents\projects\maestria\POC\multimodal_DQ_analysis\data\images\archive\Cut\Cut_37.jpg,Cut_37.jpg,.jpg,image,SUCCESS,2026-05-27T22:15:06.692545,500.0,500.0,1.0,JPEG,RGB,115315,
C:\Users\USER\Documents\projects\maestria\POC\multimodal_DQ_analysis\data\images\archive\Cut\Cut_38.jpg,Cut_38.jpg,.jpg,image,SUCCESS,2026-05-27T22:15:06.693712,500.0,500.0,1.0,JPEG,RGB,114760,
C:\Users\USER\Documents\projects\maestria\POC\multimodal_DQ_analysis\data\images\archive\Cut\Cut_39.jpg,Cut_39.jpg,.jpg,image,SUCCESS,2026-05-27T22:15:06.694946,500.0,500.0,1.0,JPEG,RGB,112125,
C:\Users\USER\Documents\projects\maestria\POC\multimodal_DQ_analysis\data\images\archive\Cut\Cut_40.jpg,Cut_40.jpg,.jpg,image,SUCCESS,2026-05-27T22:15:06.696085,500.0,500.0,1.0,JPEG,RGB,113567,
C:\Users\USER\Documents\projects\maestria\POC\multimodal_DQ_analysis\data\images\archive\Cut\Cut_41.jpg,Cut_41.jpg,.jpg,image,SUCCESS,2026-05-27T22:15:06.697159,500.0,500.0,1.0,JPEG,RGB,116496,
C:\Users\USER\Documents\projects\maestria\POC\multimodal_DQ_analysis\data\images\archive\Cut\Cut_42.jpg,Cut_42.jpg,.jpg,image,SUCCESS,2026-05-27T22:15:06.698111,500.0,500.0,1.0,JPEG,RGB,114739,
C:\Users\USER\Documents\projects\maestria\POC\multimodal_DQ_analysis\data\images\archive\Cut\Cut_43.jpg,Cut_43.jpg,.jpg,image,SUCCESS,2026-05-27T22:15:06.699235,500.0,500.0,1.0,JPEG,RGB,103929,
C:\Users\USER\Documents\projects\maestria\POC\multimodal_DQ_analysis\data\images\archive\Cut\Cut_44.jpg,Cut_44.jpg,.jpg,image,SUCCESS,2026-05-27T22:15:06.700344,500.0,500.0,1.0,JPEG,RGB,116591,
C:\Users\USER\Documents\projects\maestria\POC\multimodal_DQ_analysis\data\images\archive\Cut\Cut_45.jpg,Cut_45.jpg,.jpg,image,SUCCESS,2026-05-27T22:15:06.701427,500.0,500.0,1.0,JPEG,RGB,117862,
C:\Users\USER\Documents\projects\maestria\POC\multimodal_DQ_analysis\data\images\archive\Cut\Cut_46.jpg,Cut_46.jpg,.jpg,image,SUCCESS,2026-05-27T22:15:06.702613,500.0,500.0,1.0,JPEG,RGB,115777,
C:\Users\USER\Documents\projects\maestria\POC\multimodal_DQ_analysis\data\images\archive\Cut\Cut_47.jpg,Cut_47.jpg,.jpg,image,SUCCESS,2026-05-27T22:15:06.703920,500.0,500.0,1.0,JPEG,RGB,121477,
C:\Users\USER\Documents\projects\maestria\POC\multimodal_DQ_analysis\data\images\archive\Cut\Cut_48.jpg,Cut_48.jpg,.jpg,image,SUCCESS,2026-05-27T22:15:06.704736,500.0,500.0,1.0,JPEG,RGB,124787,
C:\Users\USER\Documents\projects\maestria\POC\multimodal_DQ_analysis\data\images\archive\Cut\Cut_49.jpg,Cut_49.jpg,.jpg,image,SUCCESS,2026-05-27T22:15:06.705413,500.0,500.0,1.0,JPEG,RGB,109103,
C:\Users\USER\Documents\projects\maestria\POC\multimodal_DQ_analysis\data\images\archive\Cut\Cut_50.jpg,Cut_50.jpg,.jpg,image,SUCCESS,2026-05-27T22:15:06.707058,500.0,500.0,1.0,JPEG,RGB,114534,
C:\Users\USER\Documents\projects\maestria\POC\multimodal_DQ_analysis\data\images\archive\Cut\Cut_51.jpg,Cut_51.jpg,.jpg,image,SUCCESS,2026-05-27T22:15:06.708354,500.0,500.0,1.0,JPEG,RGB,119655,
C:\Users\USER\Documents\projects\maestria\POC\multimodal_DQ_analysis\data\images\archive\Cut\Cut_52.jpg,Cut_52.jpg,.jpg,image,SUCCESS,2026-05-27T22:15:06.709191,500.0,500.0,1.0,JPEG,RGB,118612,
C:\Users\USER\Documents\projects\maestria\POC\multimodal_DQ_analysis\data\images\archive\Cut\Cut_53.jpg,Cut_53.jpg,.jpg,image,SUCCESS,2026-05-27T22:15:06.710486,500.0,500.0,1.0,JPEG,RGB,118480,
C:\Users\USER\Documents\projects\maestria\POC\multimodal_DQ_analysis\data\images\archive\Cut\Cut_54.jpg,Cut_54.jpg,.jpg,image,SUCCESS,2026-05-27T22:15:06.711585,500.0,500.0,1.0,JPEG,RGB,119859,
C:\Users\USER\Documents\projects\maestria\POC\multimodal_DQ_analysis\data\images\archive\Cut\Cut_55.jpg,Cut_55.jpg,.jpg,image,SUCCESS,2026-05-27T22:15:06.712881,500.0,500.0,1.0,JPEG,RGB,113485,
C:\Users\USER\Documents\projects\maestria\POC\multimodal_DQ_analysis\data\images\archive\Cut\Cut_56.jpg,Cut_56.jpg,.jpg,image,SUCCESS,2026-05-27T22:15:06.714428,500.0,500.0,1.0,JPEG,RGB,117815,
C:\Users\USER\Documents\projects\maestria\POC\multimodal_DQ_analysis\data\images\archive\Cut\Cut_57.jpg,Cut_57.jpg,.jpg,image,SUCCESS,2026-05-27T22:15:06.715972,500.0,500.0,1.0,JPEG,RGB,112263,
C:\Users\USER\Documents\projects\maestria\POC\multimodal_DQ_analysis\data\images\archive\Cut\Cut_58.jpg,Cut_58.jpg,.jpg,image,SUCCESS,2026-05-27T22:15:06.716799,500.0,500.0,1.0,JPEG,RGB,110234,
C:\Users\USER\Documents\projects\maestria\POC\multimodal_DQ_analysis\data\images\archive\Cut\Cut_59.jpg,Cut_59.jpg,.jpg,image,SUCCESS,2026-05-27T22:15:06.718051,500.0,500.0,1.0,JPEG,RGB,99039,
C:\Users\USER\Documents\projects\maestria\POC\multimodal_DQ_analysis\data\images\archive\Cut\Cut_60.jpg,Cut_60.jpg,.jpg,image,SUCCESS,2026-05-27T22:15:06.719666,500.0,500.0,1.0,JPEG,RGB,113148,
C:\Users\USER\Documents\projects\maestria\POC\multimodal_DQ_analysis\data\images\archive\Cut\Cut_61.jpg,Cut_61.jpg,.jpg,image,SUCCESS,2026-05-27T22:15:06.720703,500.0,500.0,1.0,JPEG,RGB,89100,
C:\Users\USER\Documents\projects\maestria\POC\multimodal_DQ_analysis\data\images\archive\Cut\Cut_62.jpg,Cut_62.jpg,.jpg,image,SUCCESS,2026-05-27T22:15:06.722785,500.0,500.0,1.0,JPEG,RGB,97408,
C:\Users\USER\Documents\projects\maestria\POC\multimodal_DQ_analysis\data\images\archive\Cut\Cut_63.jpg,Cut_63.jpg,.jpg,image,SUCCESS,2026-05-27T22:15:06.724878,500.0,500.0,1.0,JPEG,RGB,86768,
C:\Users\USER\Documents\projects\maestria\POC\multimodal_DQ_analysis\data\images\archive\Cut\Cut_64.jpg,Cut_64.jpg,.jpg,image,SUCCESS,2026-05-27T22:15:06.730766,500.0,500.0,1.0,JPEG,RGB,80340,
C:\Users\USER\Documents\projects\maestria\POC\multimodal_DQ_analysis\data\images\archive\Cut\Cut_65.jpg,Cut_65.jpg,.jpg,image,SUCCESS,2026-05-27T22:15:06.733462,500.0,500.0,1.0,JPEG,RGB,86561,
C:\Users\USER\Documents\projects\maestria\POC\multimodal_DQ_analysis\data\images\archive\Cut\Cut_66.jpg,Cut_66.jpg,.jpg,image,SUCCESS,2026-05-27T22:15:06.735157,500.0,500.0,1.0,JPEG,RGB,83986,
C:\Users\USER\Documents\projects\maestria\POC\multimodal_DQ_analysis\data\images\archive\Dry Cherry\Dry Cherry_01.jpg,Dry Cherry_01.jpg,.jpg,image,SUCCESS,2026-05-27T22:15:06.736693,500.0,500.0,1.0,JPEG,RGB,100701,
C:\Users\USER\Documents\projects\maestria\POC\multimodal_DQ_analysis\data\images\archive\Dry Cherry\Dry Cherry_02.jpg,Dry Cherry_02.jpg,.jpg,image,SUCCESS,2026-05-27T22:15:06.737766,500.0,500.0,1.0,JPEG,RGB,96815,
C:\Users\USER\Documents\projects\maestria\POC\multimodal_DQ_analysis\data\images\archive\Dry Cherry\Dry Cherry_03.jpg,Dry Cherry_03.jpg,.jpg,image,SUCCESS,2026-05-27T22:15:06.738652,500.0,500.0,1.0,JPEG,RGB,92129,
C:\Users\USER\Documents\projects\maestria\POC\multimodal_DQ_analysis\data\images\archive\Dry Cherry\Dry Cherry_04.jpg,Dry Cherry_04.jpg,.jpg,image,SUCCESS,2026-05-27T22:15:06.739315,500.0,500.0,1.0,JPEG,RGB,89405,
C:\Users\USER\Documents\projects\maestria\POC\multimodal_DQ_analysis\data\images\archive\Dry Cherry\Dry Cherry_05.jpg,Dry Cherry_05.jpg,.jpg,image,SUCCESS,2026-05-27T22:15:06.741529,500.0,500.0,1.0,JPEG,RGB,87439,
C:\Users\USER\Documents\projects\maestria\POC\multimodal_DQ_analysis\data\images\archive\Dry Cherry\Dry Cherry_06.jpg,Dry Cherry_06.jpg,.jpg,image,SUCCESS,2026-05-27T22:15:06.742694,500.0,500.0,1.0,JPEG,RGB,92214,
C:\Users\USER\Documents\projects\maestria\POC\multimodal_DQ_analysis\data\images\archive\Dry Cherry\Dry Cherry_07.jpg,Dry Cherry_07.jpg,.jpg,image,SUCCESS,2026-05-27T22:15:06.744259,500.0,500.0,1.0,JPEG,RGB,100033,
C:\Users\USER\Documents\projects\maestria\POC\multimodal_DQ_analysis\data\images\archive\Dry Cherry\Dry Cherry_08.jpg,Dry Cherry_08.jpg,.jpg,image,SUCCESS,2026-05-27T22:15:06.745433,500.0,500.0,1.0,JPEG,RGB,117652,
C:\Users\USER\Documents\projects\maestria\POC\multimodal_DQ_analysis\data\images\archive\Dry Cherry\Dry Cherry_09.jpg,Dry Cherry_09.jpg,.jpg,image,SUCCESS,2026-05-27T22:15:06.746366,500.0,500.0,1.0,JPEG,RGB,91570,
C:\Users\USER\Documents\projects\maestria\POC\multimodal_DQ_analysis\data\images\archive\Dry Cherry\Dry Cherry_10.jpg,Dry Cherry_10.jpg,.jpg,image,SUCCESS,2026-05-27T22:15:06.747594,500.0,500.0,1.0,JPEG,RGB,97468,
C:\Users\USER\Documents\projects\maestria\POC\multimodal_DQ_analysis\data\images\archive\Dry Cherry\Dry Cherry_11.jpg,Dry Cherry_11.jpg,.jpg,image,SUCCESS,2026-05-27T22:15:06.748644,500.0,500.0,1.0,JPEG,RGB,26374,
C:\Users\USER\Documents\projects\maestria\POC\multimodal_DQ_analysis\data\images\archive\Dry Cherry\Dry Cherry_12.jpg,Dry Cherry_12.jpg,.jpg,image,SUCCESS,2026-05-27T22:15:06.749687,500.0,500.0,1.0,JPEG,RGB,22842,
C:\Users\USER\Documents\projects\maestria\POC\multimodal_DQ_analysis\data\images\archive\Dry Cherry\Dry Cherry_13.jpg,Dry Cherry_13.jpg,.jpg,image,SUCCESS,2026-05-27T22:15:06.750733,500.0,500.0,1.0,JPEG,RGB,96246,
C:\Users\USER\Documents\projects\maestria\POC\multimodal_DQ_analysis\data\images\archive\Dry Cherry\Dry Cherry_14.jpg,Dry Cherry_14.jpg,.jpg,image,SUCCESS,2026-05-27T22:15:06.751698,500.0,500.0,1.0,JPEG,RGB,22580,
C:\Users\USER\Documents\projects\maestria\POC\multimodal_DQ_analysis\data\images\archive\Dry Cherry\Dry Cherry_15.jpg,Dry Cherry_15.jpg,.jpg,image,SUCCESS,2026-05-27T22:15:06.753033,500.0,500.0,1.0,JPEG,RGB,25924,
C:\Users\USER\Documents\projects\maestria\POC\multimodal_DQ_analysis\data\images\archive\Dry Cherry\Dry Cherry_16.jpg,Dry Cherry_16.jpg,.jpg,image,SUCCESS,2026-05-27T22:15:06.754017,500.0,500.0,1.0,JPEG,RGB,23297,
C:\Users\USER\Documents\projects\maestria\POC\multimodal_DQ_analysis\data\images\archive\Dry Cherry\Dry Cherry_17.jpg,Dry Cherry_17.jpg,.jpg,image,SUCCESS,2026-05-27T22:15:06.755080,500.0,500.0,1.0,JPEG,RGB,21449,
C:\Users\USER\Documents\projects\maestria\POC\multimodal_DQ_analysis\data\images\archive\Dry Cherry\Dry Cherry_18.jpg,Dry Cherry_18.jpg,.jpg,image,SUCCESS,2026-05-27T22:15:06.755823,500.0,500.0,1.0,JPEG,RGB,21720,
C:\Users\USER\Documents\projects\maestria\POC\multimodal_DQ_analysis\data\images\archive\Dry Cherry\Dry Cherry_19.jpg,Dry Cherry_19.jpg,.jpg,image,SUCCESS,2026-05-27T22:15:06.756811,500.0,500.0,1.0,JPEG,RGB,18684,
C:\Users\USER\Documents\projects\maestria\POC\multimodal_DQ_analysis\data\images\archive\Dry Cherry\Dry Cherry_20.jpg,Dry Cherry_20.jpg,.jpg,image,SUCCESS,2026-05-27T22:15:06.757560,500.0,500.0,1.0,JPEG,RGB,20777,
C:\Users\USER\Documents\projects\maestria\POC\multimodal_DQ_analysis\data\images\archive\Dry Cherry\Dry Cherry_21.jpg,Dry Cherry_21.jpg,.jpg,image,SUCCESS,2026-05-27T22:15:06.758242,500.0,500.0,1.0,JPEG,RGB,20336,
C:\Users\USER\Documents\projects\maestria\POC\multimodal_DQ_analysis\data\images\archive\Dry Cherry\Dry Cherry_22.jpg,Dry Cherry_22.jpg,.jpg,image,SUCCESS,2026-05-27T22:15:06.759286,500.0,500.0,1.0,JPEG,RGB,20463,
C:\Users\USER\Documents\projects\maestria\POC\multimodal_DQ_analysis\data\images\archive\Dry Cherry\Dry Cherry_23.jpg,Dry Cherry_23.jpg,.jpg,image,SUCCESS,2026-05-27T22:15:06.760179,500.0,500.0,1.0,JPEG,RGB,19775,
C:\Users\USER\Documents\projects\maestria\POC\multimodal_DQ_analysis\data\images\archive\Dry Cherry\Dry Cherry_24.jpg,Dry Cherry_24.jpg,.jpg,image,SUCCESS,2026-05-27T22:15:06.761310,500.0,500.0,1.0,JPEG,RGB,98236,
C:\Users\USER\Documents\projects\maestria\POC\multimodal_DQ_analysis\data\images\archive\Dry Cherry\Dry Cherry_25.jpg,Dry Cherry_25.jpg,.jpg,image,SUCCESS,2026-05-27T22:15:06.762264,500.0,500.0,1.0,JPEG,RGB,18911,
C:\Users\USER\Documents\projects\maestria\POC\multimodal_DQ_analysis\data\images\archive\Dry Cherry\Dry Cherry_26.jpg,Dry Cherry_26.jpg,.jpg,image,SUCCESS,2026-05-27T22:15:06.763136,500.0,500.0,1.0,JPEG,RGB,29633,
C:\Users\USER\Documents\projects\maestria\POC\multimodal_DQ_analysis\data\images\archive\Dry Cherry\Dry Cherry_27.jpg,Dry Cherry_27.jpg,.jpg,image,SUCCESS,2026-05-27T22:15:06.764158,500.0,500.0,1.0,JPEG,RGB,23659,
C:\Users\USER\Documents\projects\maestria\POC\multimodal_DQ_analysis\data\images\archive\Dry Cherry\Dry Cherry_28.jpg,Dry Cherry_28.jpg,.jpg,image,SUCCESS,2026-05-27T22:15:06.765216,500.0,500.0,1.0,JPEG,RGB,24189,
C:\Users\USER\Documents\projects\maestria\POC\multimodal_DQ_analysis\data\images\archive\Dry Cherry\Dry Cherry_29.jpg,Dry Cherry_29.jpg,.jpg,image,SUCCESS,2026-05-27T22:15:06.766233,500.0,500.0,1.0,JPEG,RGB,23027,
C:\Users\USER\Documents\projects\maestria\POC\multimodal_DQ_analysis\data\images\archive\Dry Cherry\Dry Cherry_30.jpg,Dry Cherry_30.jpg,.jpg,image,SUCCESS,2026-05-27T22:15:06.767222,500.0,500.0,1.0,JPEG,RGB,20592,
C:\Users\USER\Documents\projects\maestria\POC\multimodal_DQ_analysis\data\images\archive\Dry Cherry\Dry Cherry_31.jpg,Dry Cherry_31.jpg,.jpg,image,SUCCESS,2026-05-27T22:15:06.768165,500.0,500.0,1.0,JPEG,RGB,27039,
C:\Users\USER\Documents\projects\maestria\POC\multimodal_DQ_analysis\data\images\archive\Dry Cherry\Dry Cherry_32.jpg,Dry Cherry_32.jpg,.jpg,image,SUCCESS,2026-05-27T22:15:06.769329,500.0,500.0,1.0,JPEG,RGB,97187,
C:\Users\USER\Documents\projects\maestria\POC\multimodal_DQ_analysis\data\images\archive\Dry Cherry\Dry Cherry_33.jpg,Dry Cherry_33.jpg,.jpg,image,SUCCESS,2026-05-27T22:15:06.770346,500.0,500.0,1.0,JPEG,RGB,100660,
C:\Users\USER\Documents\projects\maestria\POC\multimodal_DQ_analysis\data\images\archive\Dry Cherry\Dry Cherry_34.jpg,Dry Cherry_34.jpg,.jpg,image,SUCCESS,2026-05-27T22:15:06.771335,500.0,500.0,1.0,JPEG,RGB,34119,
C:\Users\USER\Documents\projects\maestria\POC\multimodal_DQ_analysis\data\images\archive\Dry Cherry\Dry Cherry_35.jpg,Dry Cherry_35.jpg,.jpg,image,SUCCESS,2026-05-27T22:15:06.772427,500.0,500.0,1.0,JPEG,RGB,27361,
C:\Users\USER\Documents\projects\maestria\POC\multimodal_DQ_analysis\data\images\archive\Dry Cherry\Dry Cherry_36.jpg,Dry Cherry_36.jpg,.jpg,image,SUCCESS,2026-05-27T22:15:06.773349,500.0,500.0,1.0,JPEG,RGB,27890,
C:\Users\USER\Documents\projects\maestria\POC\multimodal_DQ_analysis\data\images\archive\Dry Cherry\Dry Cherry_37.jpg,Dry Cherry_37.jpg,.jpg,image,SUCCESS,2026-05-27T22:15:06.774262,500.0,500.0,1.0,JPEG,RGB,27875,
C:\Users\USER\Documents\projects\maestria\POC\multimodal_DQ_analysis\data\images\archive\Dry Cherry\Dry Cherry_38.jpg,Dry Cherry_38.jpg,.jpg,image,SUCCESS,2026-05-27T22:15:06.775221,500.0,500.0,1.0,JPEG,RGB,27820,
C:\Users\USER\Documents\projects\maestria\POC\multimodal_DQ_analysis\data\images\archive\Dry Cherry\Dry Cherry_39.jpg,Dry Cherry_39.jpg,.jpg,image,SUCCESS,2026-05-27T22:15:06.776365,500.0,500.0,1.0,JPEG,RGB,24361,
C:\Users\USER\Documents\projects\maestria\POC\multimodal_DQ_analysis\data\images\archive\Dry Cherry\Dry Cherry_40.jpg,Dry Cherry_40.jpg,.jpg,image,SUCCESS,2026-05-27T22:15:06.777378,500.0,500.0,1.0,JPEG,RGB,22649,
C:\Users\USER\Documents\projects\maestria\POC\multimodal_DQ_analysis\data\images\archive\Dry Cherry\Dry Cherry_41.jpg,Dry Cherry_41.jpg,.jpg,image,SUCCESS,2026-05-27T22:15:06.778482,500.0,500.0,1.0,JPEG,RGB,21569,
C:\Users\USER\Documents\projects\maestria\POC\multimodal_DQ_analysis\data\images\archive\Dry Cherry\Dry Cherry_42.jpg,Dry Cherry_42.jpg,.jpg,image,SUCCESS,2026-05-27T22:15:06.779327,500.0,500.0,1.0,JPEG,RGB,18748,
C:\Users\USER\Documents\projects\maestria\POC\multimodal_DQ_analysis\data\images\archive\Dry Cherry\Dry Cherry_43.jpg,Dry Cherry_43.jpg,.jpg,image,SUCCESS,2026-05-27T22:15:06.780467,500.0,500.0,1.0,JPEG,RGB,90528,
C:\Users\USER\Documents\projects\maestria\POC\multimodal_DQ_analysis\data\images\archive\Dry Cherry\Dry Cherry_44.jpg,Dry Cherry_44.jpg,.jpg,image,SUCCESS,2026-05-27T22:15:06.781405,500.0,500.0,1.0,JPEG,RGB,21256,
C:\Users\USER\Documents\projects\maestria\POC\multimodal_DQ_analysis\data\images\archive\Dry Cherry\Dry Cherry_45.jpg,Dry Cherry_45.jpg,.jpg,image,SUCCESS,2026-05-27T22:15:06.782363,500.0,500.0,1.0,JPEG,RGB,24270,
C:\Users\USER\Documents\projects\maestria\POC\multimodal_DQ_analysis\data\images\archive\Dry Cherry\Dry Cherry_46.jpg,Dry Cherry_46.jpg,.jpg,image,SUCCESS,2026-05-27T22:15:06.783265,500.0,500.0,1.0,JPEG,RGB,26911,
C:\Users\USER\Documents\projects\maestria\POC\multimodal_DQ_analysis\data\images\archive\Dry Cherry\Dry Cherry_47.jpg,Dry Cherry_47.jpg,.jpg,image,SUCCESS,2026-05-27T22:15:06.784113,500.0,500.0,1.0,JPEG,RGB,24642,
C:\Users\USER\Documents\projects\maestria\POC\multimodal_DQ_analysis\data\images\archive\Dry Cherry\Dry Cherry_48.jpg,Dry Cherry_48.jpg,.jpg,image,SUCCESS,2026-05-27T22:15:06.784895,500.0,500.0,1.0,JPEG,RGB,28478,
C:\Users\USER\Documents\projects\maestria\POC\multimodal_DQ_analysis\data\images\archive\Dry Cherry\Dry Cherry_49.jpg,Dry Cherry_49.jpg,.jpg,image,SUCCESS,2026-05-27T22:15:06.785805,500.0,500.0,1.0,JPEG,RGB,27493,
C:\Users\USER\Documents\projects\maestria\POC\multimodal_DQ_analysis\data\images\archive\Dry Cherry\Dry Cherry_50.jpg,Dry Cherry_50.jpg,.jpg,image,SUCCESS,2026-05-27T22:15:06.786853,500.0,500.0,1.0,JPEG,RGB,25430,
C:\Users\USER\Documents\projects\maestria\POC\multimodal_DQ_analysis\data\images\archive\Dry Cherry\Dry Cherry_51.jpg,Dry Cherry_51.jpg,.jpg,image,SUCCESS,2026-05-27T22:15:06.787731,500.0,500.0,1.0,JPEG,RGB,25524,
C:\Users\USER\Documents\projects\maestria\POC\multimodal_DQ_analysis\data\images\archive\Dry Cherry\Dry Cherry_52.jpg,Dry Cherry_52.jpg,.jpg,image,SUCCESS,2026-05-27T22:15:06.788546,500.0,500.0,1.0,JPEG,RGB,95258,
C:\Users\USER\Documents\projects\maestria\POC\multimodal_DQ_analysis\data\images\archive\Dry Cherry\Dry Cherry_53.jpg,Dry Cherry_53.jpg,.jpg,image,SUCCESS,2026-05-27T22:15:06.789458,500.0,500.0,1.0,JPEG,RGB,97972,
C:\Users\USER\Documents\projects\maestria\POC\multimodal_DQ_analysis\data\images\archive\Dry Cherry\Dry Cherry_54.jpg,Dry Cherry_54.jpg,.jpg,image,SUCCESS,2026-05-27T22:15:06.790508,500.0,500.0,1.0,JPEG,RGB,88426,
C:\Users\USER\Documents\projects\maestria\POC\multimodal_DQ_analysis\data\images\archive\Fade\Fade_01.jpg,Fade_01.jpg,.jpg,image,SUCCESS,2026-05-27T22:15:06.791736,500.0,500.0,1.0,JPEG,RGB,89304,
C:\Users\USER\Documents\projects\maestria\POC\multimodal_DQ_analysis\data\images\archive\Fade\Fade_02.jpg,Fade_02.jpg,.jpg,image,SUCCESS,2026-05-27T22:15:06.792668,500.0,500.0,1.0,JPEG,RGB,98563,
C:\Users\USER\Documents\projects\maestria\POC\multimodal_DQ_analysis\data\images\archive\Fade\Fade_03.jpg,Fade_03.jpg,.jpg,image,SUCCESS,2026-05-27T22:15:06.794445,500.0,500.0,1.0,JPEG,RGB,92873,
C:\Users\USER\Documents\projects\maestria\POC\multimodal_DQ_analysis\data\images\archive\Fade\Fade_04.jpg,Fade_04.jpg,.jpg,image,SUCCESS,2026-05-27T22:15:06.795264,500.0,500.0,1.0,JPEG,RGB,79164,
C:\Users\USER\Documents\projects\maestria\POC\multimodal_DQ_analysis\data\images\archive\Fade\Fade_05.jpg,Fade_05.jpg,.jpg,image,SUCCESS,2026-05-27T22:15:06.796153,500.0,500.0,1.0,JPEG,RGB,90547,
C:\Users\USER\Documents\projects\maestria\POC\multimodal_DQ_analysis\data\images\archive\Fade\Fade_06.jpg,Fade_06.jpg,.jpg,image,SUCCESS,2026-05-27T22:15:06.797168,500.0,500.0,1.0,JPEG,RGB,87268,
C:\Users\USER\Documents\projects\maestria\POC\multimodal_DQ_analysis\data\images\archive\Fade\Fade_07.jpg,Fade_07.jpg,.jpg,image,SUCCESS,2026-05-27T22:15:06.798409,500.0,500.0,1.0,JPEG,RGB,89681,
C:\Users\USER\Documents\projects\maestria\POC\multimodal_DQ_analysis\data\images\archive\Fade\Fade_08.jpg,Fade_08.jpg,.jpg,image,SUCCESS,2026-05-27T22:15:06.799468,500.0,500.0,1.0,JPEG,RGB,89283,
C:\Users\USER\Documents\projects\maestria\POC\multimodal_DQ_analysis\data\images\archive\Fade\Fade_09.jpg,Fade_09.jpg,.jpg,image,SUCCESS,2026-05-27T22:15:06.800531,500.0,500.0,1.0,JPEG,RGB,88919,
C:\Users\USER\Documents\projects\maestria\POC\multimodal_DQ_analysis\data\images\archive\Fade\Fade_10.jpg,Fade_10.jpg,.jpg,image,SUCCESS,2026-05-27T22:15:06.801387,500.0,500.0,1.0,JPEG,RGB,110943,
C:\Users\USER\Documents\projects\maestria\POC\multimodal_DQ_analysis\data\images\archive\Fade\Fade_11.jpg,Fade_11.jpg,.jpg,image,SUCCESS,2026-05-27T22:15:06.802352,500.0,500.0,1.0,JPEG,RGB,93054,
C:\Users\USER\Documents\projects\maestria\POC\multimodal_DQ_analysis\data\images\archive\Fade\Fade_12.jpg,Fade_12.jpg,.jpg,image,SUCCESS,2026-05-27T22:15:06.803178,500.0,500.0,1.0,JPEG,RGB,101221,
C:\Users\USER\Documents\projects\maestria\POC\multimodal_DQ_analysis\data\images\archive\Fade\Fade_13.jpg,Fade_13.jpg,.jpg,image,SUCCESS,2026-05-27T22:15:06.804426,500.0,500.0,1.0,JPEG,RGB,97102,
C:\Users\USER\Documents\projects\maestria\POC\multimodal_DQ_analysis\data\images\archive\Fade\Fade_14.jpg,Fade_14.jpg,.jpg,image,SUCCESS,2026-05-27T22:15:06.805396,500.0,500.0,1.0,JPEG,RGB,94912,
C:\Users\USER\Documents\projects\maestria\POC\multimodal_DQ_analysis\data\images\archive\Fade\Fade_15.jpg,Fade_15.jpg,.jpg,image,SUCCESS,2026-05-27T22:15:06.806328,500.0,500.0,1.0,JPEG,RGB,100699,
C:\Users\USER\Documents\projects\maestria\POC\multimodal_DQ_analysis\data\images\archive\Fade\Fade_16.jpg,Fade_16.jpg,.jpg,image,SUCCESS,2026-05-27T22:15:06.807551,500.0,500.0,1.0,JPEG,RGB,103935,
C:\Users\USER\Documents\projects\maestria\POC\multimodal_DQ_analysis\data\images\archive\Fade\Fade_17.jpg,Fade_17.jpg,.jpg,image,SUCCESS,2026-05-27T22:15:06.808505,500.0,500.0,1.0,JPEG,RGB,77678,
C:\Users\USER\Documents\projects\maestria\POC\multimodal_DQ_analysis\data\images\archive\Fade\Fade_18.jpg,Fade_18.jpg,.jpg,image,SUCCESS,2026-05-27T22:15:06.809541,500.0,500.0,1.0,JPEG,RGB,74933,
C:\Users\USER\Documents\projects\maestria\POC\multimodal_DQ_analysis\data\images\archive\Fade\Fade_19.jpg,Fade_19.jpg,.jpg,image,SUCCESS,2026-05-27T22:15:06.810359,500.0,500.0,1.0,JPEG,RGB,73406,
C:\Users\USER\Documents\projects\maestria\POC\multimodal_DQ_analysis\data\images\archive\Fade\Fade_20.jpg,Fade_20.jpg,.jpg,image,SUCCESS,2026-05-27T22:15:06.811285,500.0,500.0,1.0,JPEG,RGB,73347,
C:\Users\USER\Documents\projects\maestria\POC\multimodal_DQ_analysis\data\images\archive\Fade\Fade_21.jpg,Fade_21.jpg,.jpg,image,SUCCESS,2026-05-27T22:15:06.812384,500.0,500.0,1.0,JPEG,RGB,79423,
C:\Users\USER\Documents\projects\maestria\POC\multimodal_DQ_analysis\data\images\archive\Fade\Fade_22.jpg,Fade_22.jpg,.jpg,image,SUCCESS,2026-05-27T22:15:06.813328,500.0,500.0,1.0,JPEG,RGB,83006,
C:\Users\USER\Documents\projects\maestria\POC\multimodal_DQ_analysis\data\images\archive\Fade\Fade_23.jpg,Fade_23.jpg,.jpg,image,SUCCESS,2026-05-27T22:15:06.814301,500.0,500.0,1.0,JPEG,RGB,76113,
C:\Users\USER\Documents\projects\maestria\POC\multimodal_DQ_analysis\data\images\archive\Fade\Fade_24.jpg,Fade_24.jpg,.jpg,image,SUCCESS,2026-05-27T22:15:06.815291,500.0,500.0,1.0,JPEG,RGB,82653,
C:\Users\USER\Documents\projects\maestria\POC\multimodal_DQ_analysis\data\images\archive\Fade\Fade_25.jpg,Fade_25.jpg,.jpg,image,SUCCESS,2026-05-27T22:15:06.816155,500.0,500.0,1.0,JPEG,RGB,80639,
C:\Users\USER\Documents\projects\maestria\POC\multimodal_DQ_analysis\data\images\archive\Fade\Fade_26.jpg,Fade_26.jpg,.jpg,image,SUCCESS,2026-05-27T22:15:06.817301,500.0,500.0,1.0,JPEG,RGB,78459,
C:\Users\USER\Documents\projects\maestria\POC\multimodal_DQ_analysis\data\images\archive\Fade\Fade_27.jpg,Fade_27.jpg,.jpg,image,SUCCESS,2026-05-27T22:15:06.818230,500.0,500.0,1.0,JPEG,RGB,82931,
C:\Users\USER\Documents\projects\maestria\POC\multimodal_DQ_analysis\data\images\archive\Fade\Fade_28.jpg,Fade_28.jpg,.jpg,image,SUCCESS,2026-05-27T22:15:06.819256,500.0,500.0,1.0,JPEG,RGB,72518,
C:\Users\USER\Documents\projects\maestria\POC\multimodal_DQ_analysis\data\images\archive\Fade\Fade_29.jpg,Fade_29.jpg,.jpg,image,SUCCESS,2026-05-27T22:15:06.820201,500.0,500.0,1.0,JPEG,RGB,95917,
C:\Users\USER\Documents\projects\maestria\POC\multimodal_DQ_analysis\data\images\archive\Fade\Fade_30.jpg,Fade_30.jpg,.jpg,image,SUCCESS,2026-05-27T22:15:06.821130,500.0,500.0,1.0,JPEG,RGB,82199,
C:\Users\USER\Documents\projects\maestria\POC\multimodal_DQ_analysis\data\images\archive\Fade\Fade_31.jpg,Fade_31.jpg,.jpg,image,SUCCESS,2026-05-27T22:15:06.821903,500.0,500.0,1.0,JPEG,RGB,82036,
C:\Users\USER\Documents\projects\maestria\POC\multimodal_DQ_analysis\data\images\archive\Fade\Fade_32.jpg,Fade_32.jpg,.jpg,image,SUCCESS,2026-05-27T22:15:06.822805,500.0,500.0,1.0,JPEG,RGB,80300,
C:\Users\USER\Documents\projects\maestria\POC\multimodal_DQ_analysis\data\images\archive\Fade\Fade_33.jpg,Fade_33.jpg,.jpg,image,SUCCESS,2026-05-27T22:15:06.823695,500.0,500.0,1.0,JPEG,RGB,91779,
C:\Users\USER\Documents\projects\maestria\POC\multimodal_DQ_analysis\data\images\archive\Fade\Fade_34.jpg,Fade_34.jpg,.jpg,image,SUCCESS,2026-05-27T22:15:06.824568,500.0,500.0,1.0,JPEG,RGB,90791,
C:\Users\USER\Documents\projects\maestria\POC\multimodal_DQ_analysis\data\images\archive\Fade\Fade_35.jpg,Fade_35.jpg,.jpg,image,SUCCESS,2026-05-27T22:15:06.825489,500.0,500.0,1.0,JPEG,RGB,88246,
C:\Users\USER\Documents\projects\maestria\POC\multimodal_DQ_analysis\data\images\archive\Floater\Floater_01.jpg,Floater_01.jpg,.jpg,image,SUCCESS,2026-05-27T22:15:06.826434,500.0,500.0,1.0,JPEG,RGB,87575,
C:\Users\USER\Documents\projects\maestria\POC\multimodal_DQ_analysis\data\images\archive\Floater\Floater_02.jpg,Floater_02.jpg,.jpg,image,SUCCESS,2026-05-27T22:15:06.827328,500.0,500.0,1.0,JPEG,RGB,80327,
C:\Users\USER\Documents\projects\maestria\POC\multimodal_DQ_analysis\data\images\archive\Floater\Floater_03.jpg,Floater_03.jpg,.jpg,image,SUCCESS,2026-05-27T22:15:06.828599,500.0,500.0,1.0,JPEG,RGB,96538,
C:\Users\USER\Documents\projects\maestria\POC\multimodal_DQ_analysis\data\images\archive\Floater\Floater_04.jpg,Floater_04.jpg,.jpg,image,SUCCESS,2026-05-27T22:15:06.829573,500.0,500.0,1.0,JPEG,RGB,99456,
C:\Users\USER\Documents\projects\maestria\POC\multimodal_DQ_analysis\data\images\archive\Floater\Floater_05.jpg,Floater_05.jpg,.jpg,image,SUCCESS,2026-05-27T22:15:06.830652,500.0,500.0,1.0,JPEG,RGB,98834,
C:\Users\USER\Documents\projects\maestria\POC\multimodal_DQ_analysis\data\images\archive\Floater\Floater_06.jpg,Floater_06.jpg,.jpg,image,SUCCESS,2026-05-27T22:15:06.831641,500.0,500.0,1.0,JPEG,RGB,84573,
C:\Users\USER\Documents\projects\maestria\POC\multimodal_DQ_analysis\data\images\archive\Floater\Floater_07.jpg,Floater_07.jpg,.jpg,image,SUCCESS,2026-05-27T22:15:06.832598,500.0,500.0,1.0,JPEG,RGB,95385,
C:\Users\USER\Documents\projects\maestria\POC\multimodal_DQ_analysis\data\images\archive\Floater\Floater_08.jpg,Floater_08.jpg,.jpg,image,SUCCESS,2026-05-27T22:15:06.833721,500.0,500.0,1.0,JPEG,RGB,99677,
C:\Users\USER\Documents\projects\maestria\POC\multimodal_DQ_analysis\data\images\archive\Floater\Floater_09.jpg,Floater_09.jpg,.jpg,image,SUCCESS,2026-05-27T22:15:06.834750,500.0,500.0,1.0,JPEG,RGB,99322,
C:\Users\USER\Documents\projects\maestria\POC\multimodal_DQ_analysis\data\images\archive\Floater\Floater_10.jpg,Floater_10.jpg,.jpg,image,SUCCESS,2026-05-27T22:15:06.835630,500.0,500.0,1.0,JPEG,RGB,97917,
C:\Users\USER\Documents\projects\maestria\POC\multimodal_DQ_analysis\data\images\archive\Floater\Floater_11.jpg,Floater_11.jpg,.jpg,image,SUCCESS,2026-05-27T22:15:06.836586,500.0,500.0,1.0,JPEG,RGB,94788,
C:\Users\USER\Documents\projects\maestria\POC\multimodal_DQ_analysis\data\images\archive\Floater\Floater_12.jpg,Floater_12.jpg,.jpg,image,SUCCESS,2026-05-27T22:15:06.837593,500.0,500.0,1.0,JPEG,RGB,91101,
C:\Users\USER\Documents\projects\maestria\POC\multimodal_DQ_analysis\data\images\archive\Floater\Floater_13.jpg,Floater_13.jpg,.jpg,image,SUCCESS,2026-05-27T22:15:06.838982,500.0,500.0,1.0,JPEG,RGB,92186,
C:\Users\USER\Documents\projects\maestria\POC\multimodal_DQ_analysis\data\images\archive\Floater\Floater_14.jpg,Floater_14.jpg,.jpg,image,SUCCESS,2026-05-27T22:15:06.840342,500.0,500.0,1.0,JPEG,RGB,86369,
C:\Users\USER\Documents\projects\maestria\POC\multimodal_DQ_analysis\data\images\archive\Floater\Floater_15.jpg,Floater_15.jpg,.jpg,image,SUCCESS,2026-05-27T22:15:06.841550,500.0,500.0,1.0,JPEG,RGB,91916,
C:\Users\USER\Documents\projects\maestria\POC\multimodal_DQ_analysis\data\images\archive\Floater\Floater_16.jpg,Floater_16.jpg,.jpg,image,SUCCESS,2026-05-27T22:15:06.842711,500.0,500.0,1.0,JPEG,RGB,111336,
C:\Users\USER\Documents\projects\maestria\POC\multimodal_DQ_analysis\data\images\archive\Floater\Floater_17.jpg,Floater_17.jpg,.jpg,image,SUCCESS,2026-05-27T22:15:06.844060,500.0,500.0,1.0,JPEG,RGB,79411,
C:\Users\USER\Documents\projects\maestria\POC\multimodal_DQ_analysis\data\images\archive\Floater\Floater_18.jpg,Floater_18.jpg,.jpg,image,SUCCESS,2026-05-27T22:15:06.846028,500.0,500.0,1.0,JPEG,RGB,90100,
C:\Users\USER\Documents\projects\maestria\POC\multimodal_DQ_analysis\data\images\archive\Floater\Floater_19.jpg,Floater_19.jpg,.jpg,image,SUCCESS,2026-05-27T22:15:06.847351,500.0,500.0,1.0,JPEG,RGB,89010,
C:\Users\USER\Documents\projects\maestria\POC\multimodal_DQ_analysis\data\images\archive\Floater\Floater_20.jpg,Floater_20.jpg,.jpg,image,SUCCESS,2026-05-27T22:15:06.848553,500.0,500.0,1.0,JPEG,RGB,89537,
C:\Users\USER\Documents\projects\maestria\POC\multimodal_DQ_analysis\data\images\archive\Floater\Floater_21.jpg,Floater_21.jpg,.jpg,image,SUCCESS,2026-05-27T22:15:06.849562,500.0,500.0,1.0,JPEG,RGB,89477,
C:\Users\USER\Documents\projects\maestria\POC\multimodal_DQ_analysis\data\images\archive\Floater\Floater_22.jpg,Floater_22.jpg,.jpg,image,SUCCESS,2026-05-27T22:15:06.850719,500.0,500.0,1.0,JPEG,RGB,88366,
C:\Users\USER\Documents\projects\maestria\POC\multimodal_DQ_analysis\data\images\archive\Floater\Floater_23.jpg,Floater_23.jpg,.jpg,image,SUCCESS,2026-05-27T22:15:06.851687,500.0,500.0,1.0,JPEG,RGB,89501,
C:\Users\USER\Documents\projects\maestria\POC\multimodal_DQ_analysis\data\images\archive\Floater\Floater_24.jpg,Floater_24.jpg,.jpg,image,SUCCESS,2026-05-27T22:15:06.852724,500.0,500.0,1.0,JPEG,RGB,103078,
C:\Users\USER\Documents\projects\maestria\POC\multimodal_DQ_analysis\data\images\archive\Floater\Floater_25.jpg,Floater_25.jpg,.jpg,image,SUCCESS,2026-05-27T22:15:06.854178,500.0,500.0,1.0,JPEG,RGB,93729,
C:\Users\USER\Documents\projects\maestria\POC\multimodal_DQ_analysis\data\images\archive\Floater\Floater_26.jpg,Floater_26.jpg,.jpg,image,SUCCESS,2026-05-27T22:15:06.854943,500.0,500.0,1.0,JPEG,RGB,96458,
C:\Users\USER\Documents\projects\maestria\POC\multimodal_DQ_analysis\data\images\archive\Floater\Floater_27.jpg,Floater_27.jpg,.jpg,image,SUCCESS,2026-05-27T22:15:06.856023,500.0,500.0,1.0,JPEG,RGB,103394,
C:\Users\USER\Documents\projects\maestria\POC\multimodal_DQ_analysis\data\images\archive\Floater\Floater_28.jpg,Floater_28.jpg,.jpg,image,SUCCESS,2026-05-27T22:15:06.856937,500.0,500.0,1.0,JPEG,RGB,113894,
C:\Users\USER\Documents\projects\maestria\POC\multimodal_DQ_analysis\data\images\archive\Floater\Floater_29.jpg,Floater_29.jpg,.jpg,image,SUCCESS,2026-05-27T22:15:06.857623,500.0,500.0,1.0,JPEG,RGB,96097,
C:\Users\USER\Documents\projects\maestria\POC\multimodal_DQ_analysis\data\images\archive\Floater\Floater_30.jpg,Floater_30.jpg,.jpg,image,SUCCESS,2026-05-27T22:15:06.859126,500.0,500.0,1.0,JPEG,RGB,104148,
C:\Users\USER\Documents\projects\maestria\POC\multimodal_DQ_analysis\data\images\archive\Floater\Floater_31.jpg,Floater_31.jpg,.jpg,image,SUCCESS,2026-05-27T22:15:06.859989,500.0,500.0,1.0,JPEG,RGB,108738,
C:\Users\USER\Documents\projects\maestria\POC\multimodal_DQ_analysis\data\images\archive\Floater\Floater_32.jpg,Floater_32.jpg,.jpg,image,SUCCESS,2026-05-27T22:15:06.861333,500.0,500.0,1.0,JPEG,RGB,106268,
C:\Users\USER\Documents\projects\maestria\POC\multimodal_DQ_analysis\data\images\archive\Floater\Floater_33.jpg,Floater_33.jpg,.jpg,image,SUCCESS,2026-05-27T22:15:06.862214,500.0,500.0,1.0,JPEG,RGB,102890,
C:\Users\USER\Documents\projects\maestria\POC\multimodal_DQ_analysis\data\images\archive\Floater\Floater_34.jpg,Floater_34.jpg,.jpg,image,SUCCESS,2026-05-27T22:15:06.863229,500.0,500.0,1.0,JPEG,RGB,91139,
C:\Users\USER\Documents\projects\maestria\POC\multimodal_DQ_analysis\data\images\archive\Floater\Floater_35.jpg,Floater_35.jpg,.jpg,image,SUCCESS,2026-05-27T22:15:06.864561,500.0,500.0,1.0,JPEG,RGB,101292,
C:\Users\USER\Documents\projects\maestria\POC\multimodal_DQ_analysis\data\images\archive\Floater\Floater_36.jpg,Floater_36.jpg,.jpg,image,SUCCESS,2026-05-27T22:15:06.865588,500.0,500.0,1.0,JPEG,RGB,96692,
C:\Users\USER\Documents\projects\maestria\POC\multimodal_DQ_analysis\data\images\archive\Floater\Floater_37.jpg,Floater_37.jpg,.jpg,image,SUCCESS,2026-05-27T22:15:06.866761,500.0,500.0,1.0,JPEG,RGB,92599,
C:\Users\USER\Documents\projects\maestria\POC\multimodal_DQ_analysis\data\images\archive\Floater\Floater_38.jpg,Floater_38.jpg,.jpg,image,SUCCESS,2026-05-27T22:15:06.867727,500.0,500.0,1.0,JPEG,RGB,89456,
C:\Users\USER\Documents\projects\maestria\POC\multimodal_DQ_analysis\data\images\archive\Floater\Floater_39.jpg,Floater_39.jpg,.jpg,image,SUCCESS,2026-05-27T22:15:06.868658,500.0,500.0,1.0,JPEG,RGB,100878,
C:\Users\USER\Documents\projects\maestria\POC\multimodal_DQ_analysis\data\images\archive\Floater\Floater_40.jpg,Floater_40.jpg,.jpg,image,SUCCESS,2026-05-27T22:15:06.869606,500.0,500.0,1.0,JPEG,RGB,96246,
C:\Users\USER\Documents\projects\maestria\POC\multimodal_DQ_analysis\data\images\archive\Floater\Floater_41.jpg,Floater_41.jpg,.jpg,image,SUCCESS,2026-05-27T22:15:06.870621,500.0,500.0,1.0,JPEG,RGB,96244,
C:\Users\USER\Documents\projects\maestria\POC\multimodal_DQ_analysis\data\images\archive\Floater\Floater_42.jpg,Floater_42.jpg,.jpg,image,SUCCESS,2026-05-27T22:15:06.871509,500.0,500.0,1.0,JPEG,RGB,104355,
C:\Users\USER\Documents\projects\maestria\POC\multimodal_DQ_analysis\data\images\archive\Floater\Floater_43.jpg,Floater_43.jpg,.jpg,image,SUCCESS,2026-05-27T22:15:06.872352,500.0,500.0,1.0,JPEG,RGB,112118,
C:\Users\USER\Documents\projects\maestria\POC\multimodal_DQ_analysis\data\images\archive\Floater\Floater_44.jpg,Floater_44.jpg,.jpg,image,SUCCESS,2026-05-27T22:15:06.873463,500.0,500.0,1.0,JPEG,RGB,99832,
C:\Users\USER\Documents\projects\maestria\POC\multimodal_DQ_analysis\data\images\archive\Floater\Floater_45.jpg,Floater_45.jpg,.jpg,image,SUCCESS,2026-05-27T22:15:06.874458,500.0,500.0,1.0,JPEG,RGB,86771,
C:\Users\USER\Documents\projects\maestria\POC\multimodal_DQ_analysis\data\images\archive\Floater\Floater_46.jpg,Floater_46.jpg,.jpg,image,SUCCESS,2026-05-27T22:15:06.875647,500.0,500.0,1.0,JPEG,RGB,90870,
C:\Users\USER\Documents\projects\maestria\POC\multimodal_DQ_analysis\data\images\archive\Floater\Floater_47.jpg,Floater_47.jpg,.jpg,image,SUCCESS,2026-05-27T22:15:06.876861,500.0,500.0,1.0,JPEG,RGB,101901,
C:\Users\USER\Documents\projects\maestria\POC\multimodal_DQ_analysis\data\images\archive\Floater\Floater_48.jpg,Floater_48.jpg,.jpg,image,SUCCESS,2026-05-27T22:15:06.877972,500.0,500.0,1.0,JPEG,RGB,100585,
C:\Users\USER\Documents\projects\maestria\POC\multimodal_DQ_analysis\data\images\archive\Full Black\Full Black_01.jpg,Full Black_01.jpg,.jpg,image,SUCCESS,2026-05-27T22:15:06.878995,500.0,500.0,1.0,JPEG,RGB,116010,
C:\Users\USER\Documents\projects\maestria\POC\multimodal_DQ_analysis\data\images\archive\Full Black\Full Black_02.jpg,Full Black_02.jpg,.jpg,image,SUCCESS,2026-05-27T22:15:06.880058,500.0,500.0,1.0,JPEG,RGB,102937,
C:\Users\USER\Documents\projects\maestria\POC\multimodal_DQ_analysis\data\images\archive\Full Black\Full Black_03.jpg,Full Black_03.jpg,.jpg,image,SUCCESS,2026-05-27T22:15:06.880864,500.0,500.0,1.0,JPEG,RGB,88421,
C:\Users\USER\Documents\projects\maestria\POC\multimodal_DQ_analysis\data\images\archive\Full Black\Full Black_04.jpg,Full Black_04.jpg,.jpg,image,SUCCESS,2026-05-27T22:15:06.881875,500.0,500.0,1.0,JPEG,RGB,98535,
C:\Users\USER\Documents\projects\maestria\POC\multimodal_DQ_analysis\data\images\archive\Full Black\Full Black_05.jpg,Full Black_05.jpg,.jpg,image,SUCCESS,2026-05-27T22:15:06.882737,500.0,500.0,1.0,JPEG,RGB,109619,
C:\Users\USER\Documents\projects\maestria\POC\multimodal_DQ_analysis\data\images\archive\Full Black\Full Black_06.jpg,Full Black_06.jpg,.jpg,image,SUCCESS,2026-05-27T22:15:06.883583,500.0,500.0,1.0,JPEG,RGB,102246,
C:\Users\USER\Documents\projects\maestria\POC\multimodal_DQ_analysis\data\images\archive\Full Black\Full Black_07.jpg,Full Black_07.jpg,.jpg,image,SUCCESS,2026-05-27T22:15:06.884702,500.0,500.0,1.0,JPEG,RGB,98749,
C:\Users\USER\Documents\projects\maestria\POC\multimodal_DQ_analysis\data\images\archive\Full Black\Full Black_08.jpg,Full Black_08.jpg,.jpg,image,SUCCESS,2026-05-27T22:15:06.885792,500.0,500.0,1.0,JPEG,RGB,103531,
C:\Users\USER\Documents\projects\maestria\POC\multimodal_DQ_analysis\data\images\archive\Full Black\Full Black_09.jpg,Full Black_09.jpg,.jpg,image,SUCCESS,2026-05-27T22:15:06.886717,500.0,500.0,1.0,JPEG,RGB,100188,
C:\Users\USER\Documents\projects\maestria\POC\multimodal_DQ_analysis\data\images\archive\Full Black\Full Black_10.jpg,Full Black_10.jpg,.jpg,image,SUCCESS,2026-05-27T22:15:06.887477,500.0,500.0,1.0,JPEG,RGB,103340,
C:\Users\USER\Documents\projects\maestria\POC\multimodal_DQ_analysis\data\images\archive\Full Black\Full Black_11.jpg,Full Black_11.jpg,.jpg,image,SUCCESS,2026-05-27T22:15:06.888464,500.0,500.0,1.0,JPEG,RGB,104571,
C:\Users\USER\Documents\projects\maestria\POC\multimodal_DQ_analysis\data\images\archive\Full Black\Full Black_12.jpg,Full Black_12.jpg,.jpg,image,SUCCESS,2026-05-27T22:15:06.889424,500.0,500.0,1.0,JPEG,RGB,122958,
C:\Users\USER\Documents\projects\maestria\POC\multimodal_DQ_analysis\data\images\archive\Full Black\Full Black_13.jpg,Full Black_13.jpg,.jpg,image,SUCCESS,2026-05-27T22:15:06.890422,500.0,500.0,1.0,JPEG,RGB,92503,
C:\Users\USER\Documents\projects\maestria\POC\multimodal_DQ_analysis\data\images\archive\Full Black\Full Black_14.jpg,Full Black_14.jpg,.jpg,image,SUCCESS,2026-05-27T22:15:06.891495,500.0,500.0,1.0,JPEG,RGB,103797,
C:\Users\USER\Documents\projects\maestria\POC\multimodal_DQ_analysis\data\images\archive\Full Black\Full Black_15.jpg,Full Black_15.jpg,.jpg,image,SUCCESS,2026-05-27T22:15:06.892709,500.0,500.0,1.0,JPEG,RGB,97822,
C:\Users\USER\Documents\projects\maestria\POC\multimodal_DQ_analysis\data\images\archive\Full Black\Full Black_16.jpg,Full Black_16.jpg,.jpg,image,SUCCESS,2026-05-27T22:15:06.893713,500.0,500.0,1.0,JPEG,RGB,106467,
C:\Users\USER\Documents\projects\maestria\POC\multimodal_DQ_analysis\data\images\archive\Full Black\Full Black_17.jpg,Full Black_17.jpg,.jpg,image,SUCCESS,2026-05-27T22:15:06.894835,500.0,500.0,1.0,JPEG,RGB,108604,
C:\Users\USER\Documents\projects\maestria\POC\multimodal_DQ_analysis\data\images\archive\Full Black\Full Black_18.jpg,Full Black_18.jpg,.jpg,image,SUCCESS,2026-05-27T22:15:06.895966,500.0,500.0,1.0,JPEG,RGB,104360,
C:\Users\USER\Documents\projects\maestria\POC\multimodal_DQ_analysis\data\images\archive\Full Black\Full Black_19.jpg,Full Black_19.jpg,.jpg,image,SUCCESS,2026-05-27T22:15:06.897137,500.0,500.0,1.0,JPEG,RGB,97556,
C:\Users\USER\Documents\projects\maestria\POC\multimodal_DQ_analysis\data\images\archive\Full Black\Full Black_20.jpg,Full Black_20.jpg,.jpg,image,SUCCESS,2026-05-27T22:15:06.898294,500.0,500.0,1.0,JPEG,RGB,97974,
C:\Users\USER\Documents\projects\maestria\POC\multimodal_DQ_analysis\data\images\archive\Full Black\Full Black_21.jpg,Full Black_21.jpg,.jpg,image,SUCCESS,2026-05-27T22:15:06.899367,500.0,500.0,1.0,JPEG,RGB,112330,
C:\Users\USER\Documents\projects\maestria\POC\multimodal_DQ_analysis\data\images\archive\Full Black\Full Black_22.jpg,Full Black_22.jpg,.jpg,image,SUCCESS,2026-05-27T22:15:06.900434,500.0,500.0,1.0,JPEG,RGB,116323,
C:\Users\USER\Documents\projects\maestria\POC\multimodal_DQ_analysis\data\images\archive\Full Black\Full Black_23.jpg,Full Black_23.jpg,.jpg,image,SUCCESS,2026-05-27T22:15:06.901755,500.0,500.0,1.0,JPEG,RGB,110073,
C:\Users\USER\Documents\projects\maestria\POC\multimodal_DQ_analysis\data\images\archive\Full Black\Full Black_24.jpg,Full Black_24.jpg,.jpg,image,SUCCESS,2026-05-27T22:15:06.903053,500.0,500.0,1.0,JPEG,RGB,105537,
C:\Users\USER\Documents\projects\maestria\POC\multimodal_DQ_analysis\data\images\archive\Full Black\Full Black_25.jpg,Full Black_25.jpg,.jpg,image,SUCCESS,2026-05-27T22:15:06.904374,500.0,500.0,1.0,JPEG,RGB,101415,
C:\Users\USER\Documents\projects\maestria\POC\multimodal_DQ_analysis\data\images\archive\Full Black\Full Black_26.jpg,Full Black_26.jpg,.jpg,image,SUCCESS,2026-05-27T22:15:06.905522,500.0,500.0,1.0,JPEG,RGB,96936,
C:\Users\USER\Documents\projects\maestria\POC\multimodal_DQ_analysis\data\images\archive\Full Black\Full Black_27.jpg,Full Black_27.jpg,.jpg,image,SUCCESS,2026-05-27T22:15:06.906262,500.0,500.0,1.0,JPEG,RGB,111789,
C:\Users\USER\Documents\projects\maestria\POC\multimodal_DQ_analysis\data\images\archive\Full Black\Full Black_28.jpg,Full Black_28.jpg,.jpg,image,SUCCESS,2026-05-27T22:15:06.907684,500.0,500.0,1.0,JPEG,RGB,96583,
C:\Users\USER\Documents\projects\maestria\POC\multimodal_DQ_analysis\data\images\archive\Full Black\Full Black_29.jpg,Full Black_29.jpg,.jpg,image,SUCCESS,2026-05-27T22:15:06.908705,500.0,500.0,1.0,JPEG,RGB,100088,
C:\Users\USER\Documents\projects\maestria\POC\multimodal_DQ_analysis\data\images\archive\Full Black\Full Black_30.jpg,Full Black_30.jpg,.jpg,image,SUCCESS,2026-05-27T22:15:06.909651,500.0,500.0,1.0,JPEG,RGB,117158,
C:\Users\USER\Documents\projects\maestria\POC\multimodal_DQ_analysis\data\images\archive\Full Black\Full Black_31.jpg,Full Black_31.jpg,.jpg,image,SUCCESS,2026-05-27T22:15:06.910706,500.0,500.0,1.0,JPEG,RGB,116112,
C:\Users\USER\Documents\projects\maestria\POC\multimodal_DQ_analysis\data\images\archive\Full Black\Full Black_32.jpg,Full Black_32.jpg,.jpg,image,SUCCESS,2026-05-27T22:15:06.911799,500.0,500.0,1.0,JPEG,RGB,127173,
C:\Users\USER\Documents\projects\maestria\POC\multimodal_DQ_analysis\data\images\archive\Full Black\Full Black_33.jpg,Full Black_33.jpg,.jpg,image,SUCCESS,2026-05-27T22:15:06.912721,500.0,500.0,1.0,JPEG,RGB,103288,
C:\Users\USER\Documents\projects\maestria\POC\multimodal_DQ_analysis\data\images\archive\Full Black\Full Black_34.jpg,Full Black_34.jpg,.jpg,image,SUCCESS,2026-05-27T22:15:06.913649,500.0,500.0,1.0,JPEG,RGB,111716,
C:\Users\USER\Documents\projects\maestria\POC\multimodal_DQ_analysis\data\images\archive\Full Black\Full Black_35.jpg,Full Black_35.jpg,.jpg,image,SUCCESS,2026-05-27T22:15:06.914588,500.0,500.0,1.0,JPEG,RGB,97636,
C:\Users\USER\Documents\projects\maestria\POC\multimodal_DQ_analysis\data\images\archive\Full Black\Full Black_36.jpg,Full Black_36.jpg,.jpg,image,SUCCESS,2026-05-27T22:15:06.915436,500.0,500.0,1.0,JPEG,RGB,117400,
C:\Users\USER\Documents\projects\maestria\POC\multimodal_DQ_analysis\data\images\archive\Full Black\Full Black_37.jpg,Full Black_37.jpg,.jpg,image,SUCCESS,2026-05-27T22:15:06.916286,500.0,500.0,1.0,JPEG,RGB,97109,
C:\Users\USER\Documents\projects\maestria\POC\multimodal_DQ_analysis\data\images\archive\Full Black\Full Black_38.jpg,Full Black_38.jpg,.jpg,image,SUCCESS,2026-05-27T22:15:06.917130,500.0,500.0,1.0,JPEG,RGB,104427,
C:\Users\USER\Documents\projects\maestria\POC\multimodal_DQ_analysis\data\images\archive\Full Black\Full Black_39.jpg,Full Black_39.jpg,.jpg,image,SUCCESS,2026-05-27T22:15:06.918198,500.0,500.0,1.0,JPEG,RGB,101555,
C:\Users\USER\Documents\projects\maestria\POC\multimodal_DQ_analysis\data\images\archive\Full Black\Full Black_40.jpg,Full Black_40.jpg,.jpg,image,SUCCESS,2026-05-27T22:15:06.919309,500.0,500.0,1.0,JPEG,RGB,105540,
C:\Users\USER\Documents\projects\maestria\POC\multimodal_DQ_analysis\data\images\archive\Full Black\Full Black_41.jpg,Full Black_41.jpg,.jpg,image,SUCCESS,2026-05-27T22:15:06.920629,500.0,500.0,1.0,JPEG,RGB,101939,
C:\Users\USER\Documents\projects\maestria\POC\multimodal_DQ_analysis\data\images\archive\Full Sour\Full Sour_01.jpg,Full Sour_01.jpg,.jpg,image,SUCCESS,2026-05-27T22:15:06.921621,500.0,500.0,1.0,JPEG,RGB,89301,
C:\Users\USER\Documents\projects\maestria\POC\multimodal_DQ_analysis\data\images\archive\Full Sour\Full Sour_02.jpg,Full Sour_02.jpg,.jpg,image,SUCCESS,2026-05-27T22:15:06.922499,500.0,500.0,1.0,JPEG,RGB,22754,
C:\Users\USER\Documents\projects\maestria\POC\multimodal_DQ_analysis\data\images\archive\Full Sour\Full Sour_03.jpg,Full Sour_03.jpg,.jpg,image,SUCCESS,2026-05-27T22:15:06.923106,500.0,500.0,1.0,JPEG,RGB,20090,
C:\Users\USER\Documents\projects\maestria\POC\multimodal_DQ_analysis\data\images\archive\Full Sour\Full Sour_04.jpg,Full Sour_04.jpg,.jpg,image,SUCCESS,2026-05-27T22:15:06.923918,500.0,500.0,1.0,JPEG,RGB,21777,
C:\Users\USER\Documents\projects\maestria\POC\multimodal_DQ_analysis\data\images\archive\Full Sour\Full Sour_05.jpg,Full Sour_05.jpg,.jpg,image,SUCCESS,2026-05-27T22:15:06.924669,500.0,500.0,1.0,JPEG,RGB,101563,
C:\Users\USER\Documents\projects\maestria\POC\multimodal_DQ_analysis\data\images\archive\Full Sour\Full Sour_06.jpg,Full Sour_06.jpg,.jpg,image,SUCCESS,2026-05-27T22:15:06.925731,500.0,500.0,1.0,JPEG,RGB,21112,
C:\Users\USER\Documents\projects\maestria\POC\multimodal_DQ_analysis\data\images\archive\Full Sour\Full Sour_07.jpg,Full Sour_07.jpg,.jpg,image,SUCCESS,2026-05-27T22:15:06.926849,500.0,500.0,1.0,JPEG,RGB,20908,
C:\Users\USER\Documents\projects\maestria\POC\multimodal_DQ_analysis\data\images\archive\Full Sour\Full Sour_08.jpg,Full Sour_08.jpg,.jpg,image,SUCCESS,2026-05-27T22:15:06.927666,500.0,500.0,1.0,JPEG,RGB,21911,
C:\Users\USER\Documents\projects\maestria\POC\multimodal_DQ_analysis\data\images\archive\Full Sour\Full Sour_09.jpg,Full Sour_09.jpg,.jpg,image,SUCCESS,2026-05-27T22:15:06.928645,500.0,500.0,1.0,JPEG,RGB,20515,
C:\Users\USER\Documents\projects\maestria\POC\multimodal_DQ_analysis\data\images\archive\Full Sour\Full Sour_10.jpg,Full Sour_10.jpg,.jpg,image,SUCCESS,2026-05-27T22:15:06.929633,500.0,500.0,1.0,JPEG,RGB,96916,
C:\Users\USER\Documents\projects\maestria\POC\multimodal_DQ_analysis\data\images\archive\Full Sour\Full Sour_11.jpg,Full Sour_11.jpg,.jpg,image,SUCCESS,2026-05-27T22:15:06.930536,500.0,500.0,1.0,JPEG,RGB,104367,
C:\Users\USER\Documents\projects\maestria\POC\multimodal_DQ_analysis\data\images\archive\Full Sour\Full Sour_12.jpg,Full Sour_12.jpg,.jpg,image,SUCCESS,2026-05-27T22:15:06.931513,500.0,500.0,1.0,JPEG,RGB,107184,
C:\Users\USER\Documents\projects\maestria\POC\multimodal_DQ_analysis\data\images\archive\Full Sour\Full Sour_13.jpg,Full Sour_13.jpg,.jpg,image,SUCCESS,2026-05-27T22:15:06.932481,500.0,500.0,1.0,JPEG,RGB,92363,
C:\Users\USER\Documents\projects\maestria\POC\multimodal_DQ_analysis\data\images\archive\Full Sour\Full Sour_14.jpg,Full Sour_14.jpg,.jpg,image,SUCCESS,2026-05-27T22:15:06.933524,500.0,500.0,1.0,JPEG,RGB,111983,
C:\Users\USER\Documents\projects\maestria\POC\multimodal_DQ_analysis\data\images\archive\Full Sour\Full Sour_15.jpg,Full Sour_15.jpg,.jpg,image,SUCCESS,2026-05-27T22:15:06.934417,500.0,500.0,1.0,JPEG,RGB,107238,
C:\Users\USER\Documents\projects\maestria\POC\multimodal_DQ_analysis\data\images\archive\Full Sour\Full Sour_16.jpg,Full Sour_16.jpg,.jpg,image,SUCCESS,2026-05-27T22:15:06.935285,500.0,500.0,1.0,JPEG,RGB,20889,
C:\Users\USER\Documents\projects\maestria\POC\multimodal_DQ_analysis\data\images\archive\Full Sour\Full Sour_17.jpg,Full Sour_17.jpg,.jpg,image,SUCCESS,2026-05-27T22:15:06.936153,500.0,500.0,1.0,JPEG,RGB,115188,
C:\Users\USER\Documents\projects\maestria\POC\multimodal_DQ_analysis\data\images\archive\Full Sour\Full Sour_18.jpg,Full Sour_18.jpg,.jpg,image,SUCCESS,2026-05-27T22:15:06.937171,500.0,500.0,1.0,JPEG,RGB,22247,
C:\Users\USER\Documents\projects\maestria\POC\multimodal_DQ_analysis\data\images\archive\Full Sour\Full Sour_19.jpg,Full Sour_19.jpg,.jpg,image,SUCCESS,2026-05-27T22:15:06.938241,500.0,500.0,1.0,JPEG,RGB,110357,
C:\Users\USER\Documents\projects\maestria\POC\multimodal_DQ_analysis\data\images\archive\Full Sour\Full Sour_20.jpg,Full Sour_20.jpg,.jpg,image,SUCCESS,2026-05-27T22:15:06.939151,500.0,500.0,1.0,JPEG,RGB,20513,
C:\Users\USER\Documents\projects\maestria\POC\multimodal_DQ_analysis\data\images\archive\Full Sour\Full Sour_21.jpg,Full Sour_21.jpg,.jpg,image,SUCCESS,2026-05-27T22:15:06.940020,500.0,500.0,1.0,JPEG,RGB,22284,
C:\Users\USER\Documents\projects\maestria\POC\multimodal_DQ_analysis\data\images\archive\Full Sour\Full Sour_22.jpg,Full Sour_22.jpg,.jpg,image,SUCCESS,2026-05-27T22:15:06.940833,500.0,500.0,1.0,JPEG,RGB,20263,
C:\Users\USER\Documents\projects\maestria\POC\multimodal_DQ_analysis\data\images\archive\Full Sour\Full Sour_23.jpg,Full Sour_23.jpg,.jpg,image,SUCCESS,2026-05-27T22:15:06.941682,500.0,500.0,1.0,JPEG,RGB,21222,
C:\Users\USER\Documents\projects\maestria\POC\multimodal_DQ_analysis\data\images\archive\Full Sour\Full Sour_24.jpg,Full Sour_24.jpg,.jpg,image,SUCCESS,2026-05-27T22:15:06.942594,500.0,500.0,1.0,JPEG,RGB,93370,
C:\Users\USER\Documents\projects\maestria\POC\multimodal_DQ_analysis\data\images\archive\Full Sour\Full Sour_25.jpg,Full Sour_25.jpg,.jpg,image,SUCCESS,2026-05-27T22:15:06.943502,500.0,500.0,1.0,JPEG,RGB,20077,
C:\Users\USER\Documents\projects\maestria\POC\multimodal_DQ_analysis\data\images\archive\Full Sour\Full Sour_26.jpg,Full Sour_26.jpg,.jpg,image,SUCCESS,2026-05-27T22:15:06.944326,500.0,500.0,1.0,JPEG,RGB,23346,
C:\Users\USER\Documents\projects\maestria\POC\multimodal_DQ_analysis\data\images\archive\Full Sour\Full Sour_27.jpg,Full Sour_27.jpg,.jpg,image,SUCCESS,2026-05-27T22:15:06.945049,500.0,500.0,1.0,JPEG,RGB,23194,
C:\Users\USER\Documents\projects\maestria\POC\multimodal_DQ_analysis\data\images\archive\Full Sour\Full Sour_28.jpg,Full Sour_28.jpg,.jpg,image,SUCCESS,2026-05-27T22:15:06.945788,500.0,500.0,1.0,JPEG,RGB,23396,
C:\Users\USER\Documents\projects\maestria\POC\multimodal_DQ_analysis\data\images\archive\Full Sour\Full Sour_29.jpg,Full Sour_29.jpg,.jpg,image,SUCCESS,2026-05-27T22:15:06.946743,500.0,500.0,1.0,JPEG,RGB,21930,
C:\Users\USER\Documents\projects\maestria\POC\multimodal_DQ_analysis\data\images\archive\Full Sour\Full Sour_30.jpg,Full Sour_30.jpg,.jpg,image,SUCCESS,2026-05-27T22:15:06.947570,500.0,500.0,1.0,JPEG,RGB,21177,
C:\Users\USER\Documents\projects\maestria\POC\multimodal_DQ_analysis\data\images\archive\Full Sour\Full Sour_31.jpg,Full Sour_31.jpg,.jpg,image,SUCCESS,2026-05-27T22:15:06.948327,500.0,500.0,1.0,JPEG,RGB,20619,
C:\Users\USER\Documents\projects\maestria\POC\multimodal_DQ_analysis\data\images\archive\Full Sour\Full Sour_32.jpg,Full Sour_32.jpg,.jpg,image,SUCCESS,2026-05-27T22:15:06.949048,500.0,500.0,1.0,JPEG,RGB,19917,
C:\Users\USER\Documents\projects\maestria\POC\multimodal_DQ_analysis\data\images\archive\Full Sour\Full Sour_33.jpg,Full Sour_33.jpg,.jpg,image,SUCCESS,2026-05-27T22:15:06.949726,500.0,500.0,1.0,JPEG,RGB,20805,
C:\Users\USER\Documents\projects\maestria\POC\multimodal_DQ_analysis\data\images\archive\Full Sour\Full Sour_34.jpg,Full Sour_34.jpg,.jpg,image,SUCCESS,2026-05-27T22:15:06.950432,500.0,500.0,1.0,JPEG,RGB,21718,
C:\Users\USER\Documents\projects\maestria\POC\multimodal_DQ_analysis\data\images\archive\Full Sour\Full Sour_35.jpg,Full Sour_35.jpg,.jpg,image,SUCCESS,2026-05-27T22:15:06.951493,500.0,500.0,1.0,JPEG,RGB,88842,
C:\Users\USER\Documents\projects\maestria\POC\multimodal_DQ_analysis\data\images\archive\Full Sour\Full Sour_36.jpg,Full Sour_36.jpg,.jpg,image,SUCCESS,2026-05-27T22:15:06.952272,500.0,500.0,1.0,JPEG,RGB,20958,
C:\Users\USER\Documents\projects\maestria\POC\multimodal_DQ_analysis\data\images\archive\Full Sour\Full Sour_37.jpg,Full Sour_37.jpg,.jpg,image,SUCCESS,2026-05-27T22:15:06.953130,500.0,500.0,1.0,JPEG,RGB,20433,
C:\Users\USER\Documents\projects\maestria\POC\multimodal_DQ_analysis\data\images\archive\Full Sour\Full Sour_38.jpg,Full Sour_38.jpg,.jpg,image,SUCCESS,2026-05-27T22:15:06.953839,500.0,500.0,1.0,JPEG,RGB,21438,
C:\Users\USER\Documents\projects\maestria\POC\multimodal_DQ_analysis\data\images\archive\Full Sour\Full Sour_39.jpg,Full Sour_39.jpg,.jpg,image,SUCCESS,2026-05-27T22:15:06.954539,500.0,500.0,1.0,JPEG,RGB,21698,
C:\Users\USER\Documents\projects\maestria\POC\multimodal_DQ_analysis\data\images\archive\Full Sour\Full Sour_40.jpg,Full Sour_40.jpg,.jpg,image,SUCCESS,2026-05-27T22:15:06.955452,500.0,500.0,1.0,JPEG,RGB,19957,
C:\Users\USER\Documents\projects\maestria\POC\multimodal_DQ_analysis\data\images\archive\Full Sour\Full Sour_41.jpg,Full Sour_41.jpg,.jpg,image,SUCCESS,2026-05-27T22:15:06.956292,500.0,500.0,1.0,JPEG,RGB,19436,
C:\Users\USER\Documents\projects\maestria\POC\multimodal_DQ_analysis\data\images\archive\Full Sour\Full Sour_42.jpg,Full Sour_42.jpg,.jpg,image,SUCCESS,2026-05-27T22:15:06.957062,500.0,500.0,1.0,JPEG,RGB,18844,
C:\Users\USER\Documents\projects\maestria\POC\multimodal_DQ_analysis\data\images\archive\Full Sour\Full Sour_43.jpg,Full Sour_43.jpg,.jpg,image,SUCCESS,2026-05-27T22:15:06.957780,500.0,500.0,1.0,JPEG,RGB,18377,
C:\Users\USER\Documents\projects\maestria\POC\multimodal_DQ_analysis\data\images\archive\Full Sour\Full Sour_44.jpg,Full Sour_44.jpg,.jpg,image,SUCCESS,2026-05-27T22:15:06.958592,500.0,500.0,1.0,JPEG,RGB,18189,
C:\Users\USER\Documents\projects\maestria\POC\multimodal_DQ_analysis\data\images\archive\Full Sour\Full Sour_45.jpg,Full Sour_45.jpg,.jpg,image,SUCCESS,2026-05-27T22:15:06.959291,500.0,500.0,1.0,JPEG,RGB,19292,
C:\Users\USER\Documents\projects\maestria\POC\multimodal_DQ_analysis\data\images\archive\Full Sour\Full Sour_46.jpg,Full Sour_46.jpg,.jpg,image,SUCCESS,2026-05-27T22:15:06.960198,500.0,500.0,1.0,JPEG,RGB,20616,
C:\Users\USER\Documents\projects\maestria\POC\multimodal_DQ_analysis\data\images\archive\Full Sour\Full Sour_47.jpg,Full Sour_47.jpg,.jpg,image,SUCCESS,2026-05-27T22:15:06.960923,500.0,500.0,1.0,JPEG,RGB,20675,
C:\Users\USER\Documents\projects\maestria\POC\multimodal_DQ_analysis\data\images\archive\Full Sour\Full Sour_48.jpg,Full Sour_48.jpg,.jpg,image,SUCCESS,2026-05-27T22:15:06.961696,500.0,500.0,1.0,JPEG,RGB,21979,
C:\Users\USER\Documents\projects\maestria\POC\multimodal_DQ_analysis\data\images\archive\Full Sour\Full Sour_49.jpg,Full Sour_49.jpg,.jpg,image,SUCCESS,2026-05-27T22:15:06.962505,500.0,500.0,1.0,JPEG,RGB,19329,
C:\Users\USER\Documents\projects\maestria\POC\multimodal_DQ_analysis\data\images\archive\Full Sour\Full Sour_50.jpg,Full Sour_50.jpg,.jpg,image,SUCCESS,2026-05-27T22:15:06.963272,500.0,500.0,1.0,JPEG,RGB,20788,
C:\Users\USER\Documents\projects\maestria\POC\multimodal_DQ_analysis\data\images\archive\Full Sour\Full Sour_51.jpg,Full Sour_51.jpg,.jpg,image,SUCCESS,2026-05-27T22:15:06.964039,500.0,500.0,1.0,JPEG,RGB,20331,
C:\Users\USER\Documents\projects\maestria\POC\multimodal_DQ_analysis\data\images\archive\Full Sour\Full Sour_52.jpg,Full Sour_52.jpg,.jpg,image,SUCCESS,2026-05-27T22:15:06.964858,500.0,500.0,1.0,JPEG,RGB,20618,
C:\Users\USER\Documents\projects\maestria\POC\multimodal_DQ_analysis\data\images\archive\Full Sour\Full Sour_53.jpg,Full Sour_53.jpg,.jpg,image,SUCCESS,2026-05-27T22:15:06.965706,500.0,500.0,1.0,JPEG,RGB,21219,
C:\Users\USER\Documents\projects\maestria\POC\multimodal_DQ_analysis\data\images\archive\Full Sour\Full Sour_54.jpg,Full Sour_54.jpg,.jpg,image,SUCCESS,2026-05-27T22:15:06.966466,500.0,500.0,1.0,JPEG,RGB,20496,
C:\Users\USER\Documents\projects\maestria\POC\multimodal_DQ_analysis\data\images\archive\Full Sour\Full Sour_55.jpg,Full Sour_55.jpg,.jpg,image,SUCCESS,2026-05-27T22:15:06.967227,500.0,500.0,1.0,JPEG,RGB,21395,
C:\Users\USER\Documents\projects\maestria\POC\multimodal_DQ_analysis\data\images\archive\Full Sour\Full Sour_56.jpg,Full Sour_56.jpg,.jpg,image,SUCCESS,2026-05-27T22:15:06.968083,500.0,500.0,1.0,JPEG,RGB,21751,
C:\Users\USER\Documents\projects\maestria\POC\multimodal_DQ_analysis\data\images\archive\Full Sour\Full Sour_57.jpg,Full Sour_57.jpg,.jpg,image,SUCCESS,2026-05-27T22:15:06.968841,500.0,500.0,1.0,JPEG,RGB,23182,
C:\Users\USER\Documents\projects\maestria\POC\multimodal_DQ_analysis\data\images\archive\Full Sour\Full Sour_58.jpg,Full Sour_58.jpg,.jpg,image,SUCCESS,2026-05-27T22:15:06.969556,500.0,500.0,1.0,JPEG,RGB,21396,
C:\Users\USER\Documents\projects\maestria\POC\multimodal_DQ_analysis\data\images\archive\Full Sour\Full Sour_59.jpg,Full Sour_59.jpg,.jpg,image,SUCCESS,2026-05-27T22:15:06.970331,500.0,500.0,1.0,JPEG,RGB,20840,
C:\Users\USER\Documents\projects\maestria\POC\multimodal_DQ_analysis\data\images\archive\Full Sour\Full Sour_60.jpg,Full Sour_60.jpg,.jpg,image,SUCCESS,2026-05-27T22:15:06.971161,500.0,500.0,1.0,JPEG,RGB,20253,
C:\Users\USER\Documents\projects\maestria\POC\multimodal_DQ_analysis\data\images\archive\Full Sour\Full Sour_61.jpg,Full Sour_61.jpg,.jpg,image,SUCCESS,2026-05-27T22:15:06.971962,500.0,500.0,1.0,JPEG,RGB,21165,
C:\Users\USER\Documents\projects\maestria\POC\multimodal_DQ_analysis\data\images\archive\Full Sour\Full Sour_62.jpg,Full Sour_62.jpg,.jpg,image,SUCCESS,2026-05-27T22:15:06.972941,500.0,500.0,1.0,JPEG,RGB,19928,
C:\Users\USER\Documents\projects\maestria\POC\multimodal_DQ_analysis\data\images\archive\Full Sour\Full Sour_63.jpg,Full Sour_63.jpg,.jpg,image,SUCCESS,2026-05-27T22:15:06.973845,500.0,500.0,1.0,JPEG,RGB,21086,
C:\Users\USER\Documents\projects\maestria\POC\multimodal_DQ_analysis\data\images\archive\Full Sour\Full Sour_64.jpg,Full Sour_64.jpg,.jpg,image,SUCCESS,2026-05-27T22:15:06.974638,500.0,500.0,1.0,JPEG,RGB,19063,
C:\Users\USER\Documents\projects\maestria\POC\multimodal_DQ_analysis\data\images\archive\Full Sour\Full Sour_65.jpg,Full Sour_65.jpg,.jpg,image,SUCCESS,2026-05-27T22:15:06.975460,500.0,500.0,1.0,JPEG,RGB,23249,
C:\Users\USER\Documents\projects\maestria\POC\multimodal_DQ_analysis\data\images\archive\Full Sour\Full Sour_66.jpg,Full Sour_66.jpg,.jpg,image,SUCCESS,2026-05-27T22:15:06.976417,500.0,500.0,1.0,JPEG,RGB,91712,
C:\Users\USER\Documents\projects\maestria\POC\multimodal_DQ_analysis\data\images\archive\Full Sour\Full Sour_67.jpg,Full Sour_67.jpg,.jpg,image,SUCCESS,2026-05-27T22:15:06.977152,500.0,500.0,1.0,JPEG,RGB,22825,
C:\Users\USER\Documents\projects\maestria\POC\multimodal_DQ_analysis\data\images\archive\Full Sour\Full Sour_68.jpg,Full Sour_68.jpg,.jpg,image,SUCCESS,2026-05-27T22:15:06.978173,500.0,500.0,1.0,JPEG,RGB,108133,
C:\Users\USER\Documents\projects\maestria\POC\multimodal_DQ_analysis\data\images\archive\Full Sour\Full Sour_69.jpg,Full Sour_69.jpg,.jpg,image,SUCCESS,2026-05-27T22:15:06.979074,500.0,500.0,1.0,JPEG,RGB,107457,
C:\Users\USER\Documents\projects\maestria\POC\multimodal_DQ_analysis\data\images\archive\Full Sour\Full Sour_70.jpg,Full Sour_70.jpg,.jpg,image,SUCCESS,2026-05-27T22:15:06.979957,500.0,500.0,1.0,JPEG,RGB,104935,
C:\Users\USER\Documents\projects\maestria\POC\multimodal_DQ_analysis\data\images\archive\Full Sour\Full Sour_71.jpg,Full Sour_71.jpg,.jpg,image,SUCCESS,2026-05-27T22:15:06.980856,500.0,500.0,1.0,JPEG,RGB,103479,
C:\Users\USER\Documents\projects\maestria\POC\multimodal_DQ_analysis\data\images\archive\Full Sour\Full Sour_72.jpg,Full Sour_72.jpg,.jpg,image,SUCCESS,2026-05-27T22:15:06.981749,500.0,500.0,1.0,JPEG,RGB,104582,
C:\Users\USER\Documents\projects\maestria\POC\multimodal_DQ_analysis\data\images\archive\Full Sour\Full Sour_73.jpg,Full Sour_73.jpg,.jpg,image,SUCCESS,2026-05-27T22:15:06.982630,500.0,500.0,1.0,JPEG,RGB,105479,
C:\Users\USER\Documents\projects\maestria\POC\multimodal_DQ_analysis\data\images\archive\Full Sour\Full Sour_74.jpg,Full Sour_74.jpg,.jpg,image,SUCCESS,2026-05-27T22:15:06.983469,500.0,500.0,1.0,JPEG,RGB,105181,
C:\Users\USER\Documents\projects\maestria\POC\multimodal_DQ_analysis\data\images\archive\Full Sour\Full Sour_75.jpg,Full Sour_75.jpg,.jpg,image,SUCCESS,2026-05-27T22:15:06.984368,500.0,500.0,1.0,JPEG,RGB,102923,
C:\Users\USER\Documents\projects\maestria\POC\multimodal_DQ_analysis\data\images\archive\Fungus Damange\Fungus Damage_01.jpg,Fungus Damage_01.jpg,.jpg,image,SUCCESS,2026-05-27T22:15:06.985355,500.0,500.0,1.0,JPEG,RGB,86101,
C:\Users\USER\Documents\projects\maestria\POC\multimodal_DQ_analysis\data\images\archive\Fungus Damange\Fungus Damage_02.jpg,Fungus Damage_02.jpg,.jpg,image,SUCCESS,2026-05-27T22:15:06.986306,500.0,500.0,1.0,JPEG,RGB,19121,
C:\Users\USER\Documents\projects\maestria\POC\multimodal_DQ_analysis\data\images\archive\Fungus Damange\Fungus Damage_03.jpg,Fungus Damage_03.jpg,.jpg,image,SUCCESS,2026-05-27T22:15:06.987012,500.0,500.0,1.0,JPEG,RGB,18175,
C:\Users\USER\Documents\projects\maestria\POC\multimodal_DQ_analysis\data\images\archive\Fungus Damange\Fungus Damage_04.jpg,Fungus Damage_04.jpg,.jpg,image,SUCCESS,2026-05-27T22:15:06.987933,500.0,500.0,1.0,JPEG,RGB,20103,
C:\Users\USER\Documents\projects\maestria\POC\multimodal_DQ_analysis\data\images\archive\Fungus Damange\Fungus Damage_05.jpg,Fungus Damage_05.jpg,.jpg,image,SUCCESS,2026-05-27T22:15:06.988857,500.0,500.0,1.0,JPEG,RGB,19347,
C:\Users\USER\Documents\projects\maestria\POC\multimodal_DQ_analysis\data\images\archive\Fungus Damange\Fungus Damage_06.jpg,Fungus Damage_06.jpg,.jpg,image,SUCCESS,2026-05-27T22:15:06.989665,500.0,500.0,1.0,JPEG,RGB,20375,
C:\Users\USER\Documents\projects\maestria\POC\multimodal_DQ_analysis\data\images\archive\Fungus Damange\Fungus Damage_07.jpg,Fungus Damage_07.jpg,.jpg,image,SUCCESS,2026-05-27T22:15:06.990473,500.0,500.0,1.0,JPEG,RGB,21177,
C:\Users\USER\Documents\projects\maestria\POC\multimodal_DQ_analysis\data\images\archive\Fungus Damange\Fungus Damage_08.jpg,Fungus Damage_08.jpg,.jpg,image,SUCCESS,2026-05-27T22:15:06.991198,500.0,500.0,1.0,JPEG,RGB,15209,
C:\Users\USER\Documents\projects\maestria\POC\multimodal_DQ_analysis\data\images\archive\Fungus Damange\Fungus Damage_09.jpg,Fungus Damage_09.jpg,.jpg,image,SUCCESS,2026-05-27T22:15:06.992076,500.0,500.0,1.0,JPEG,RGB,18809,
C:\Users\USER\Documents\projects\maestria\POC\multimodal_DQ_analysis\data\images\archive\Fungus Damange\Fungus Damage_10.jpg,Fungus Damage_10.jpg,.jpg,image,SUCCESS,2026-05-27T22:15:06.992962,500.0,500.0,1.0,JPEG,RGB,19611,
C:\Users\USER\Documents\projects\maestria\POC\multimodal_DQ_analysis\data\images\archive\Fungus Damange\Fungus Damage_11.jpg,Fungus Damage_11.jpg,.jpg,image,SUCCESS,2026-05-27T22:15:06.993806,500.0,500.0,1.0,JPEG,RGB,19841,
C:\Users\USER\Documents\projects\maestria\POC\multimodal_DQ_analysis\data\images\archive\Fungus Damange\Fungus Damage_12.jpg,Fungus Damage_12.jpg,.jpg,image,SUCCESS,2026-05-27T22:15:06.994654,500.0,500.0,1.0,JPEG,RGB,19177,
C:\Users\USER\Documents\projects\maestria\POC\multimodal_DQ_analysis\data\images\archive\Fungus Damange\Fungus Damage_13.jpg,Fungus Damage_13.jpg,.jpg,image,SUCCESS,2026-05-27T22:15:06.995555,500.0,500.0,1.0,JPEG,RGB,22112,
C:\Users\USER\Documents\projects\maestria\POC\multimodal_DQ_analysis\data\images\archive\Fungus Damange\Fungus Damage_14.jpg,Fungus Damage_14.jpg,.jpg,image,SUCCESS,2026-05-27T22:15:06.996293,500.0,500.0,1.0,JPEG,RGB,21295,
C:\Users\USER\Documents\projects\maestria\POC\multimodal_DQ_analysis\data\images\archive\Fungus Damange\Fungus Damage_15.jpg,Fungus Damage_15.jpg,.jpg,image,SUCCESS,2026-05-27T22:15:06.996979,500.0,500.0,1.0,JPEG,RGB,20271,
C:\Users\USER\Documents\projects\maestria\POC\multimodal_DQ_analysis\data\images\archive\Fungus Damange\Fungus Damage_16.jpg,Fungus Damage_16.jpg,.jpg,image,SUCCESS,2026-05-27T22:15:06.997947,500.0,500.0,1.0,JPEG,RGB,20077,
C:\Users\USER\Documents\projects\maestria\POC\multimodal_DQ_analysis\data\images\archive\Fungus Damange\Fungus Damage_17.jpg,Fungus Damage_17.jpg,.jpg,image,SUCCESS,2026-05-27T22:15:06.998888,500.0,500.0,1.0,JPEG,RGB,20813,
C:\Users\USER\Documents\projects\maestria\POC\multimodal_DQ_analysis\data\images\archive\Fungus Damange\Fungus Damage_18.jpg,Fungus Damage_18.jpg,.jpg,image,SUCCESS,2026-05-27T22:15:06.999882,500.0,500.0,1.0,JPEG,RGB,19317,
C:\Users\USER\Documents\projects\maestria\POC\multimodal_DQ_analysis\data\images\archive\Fungus Damange\Fungus Damage_19.jpg,Fungus Damage_19.jpg,.jpg,image,SUCCESS,2026-05-27T22:15:07.000800,500.0,500.0,1.0,JPEG,RGB,20869,
C:\Users\USER\Documents\projects\maestria\POC\multimodal_DQ_analysis\data\images\archive\Fungus Damange\Fungus Damage_20.jpg,Fungus Damage_20.jpg,.jpg,image,SUCCESS,2026-05-27T22:15:07.001768,500.0,500.0,1.0,JPEG,RGB,23208,
C:\Users\USER\Documents\projects\maestria\POC\multimodal_DQ_analysis\data\images\archive\Fungus Damange\Fungus Damage_21.jpg,Fungus Damage_21.jpg,.jpg,image,SUCCESS,2026-05-27T22:15:07.002644,500.0,500.0,1.0,JPEG,RGB,22187,
C:\Users\USER\Documents\projects\maestria\POC\multimodal_DQ_analysis\data\images\archive\Fungus Damange\Fungus Damage_22.jpg,Fungus Damage_22.jpg,.jpg,image,SUCCESS,2026-05-27T22:15:07.003397,500.0,500.0,1.0,JPEG,RGB,23743,
C:\Users\USER\Documents\projects\maestria\POC\multimodal_DQ_analysis\data\images\archive\Fungus Damange\Fungus Damage_23.jpg,Fungus Damage_23.jpg,.jpg,image,SUCCESS,2026-05-27T22:15:07.004277,500.0,500.0,1.0,JPEG,RGB,21714,
C:\Users\USER\Documents\projects\maestria\POC\multimodal_DQ_analysis\data\images\archive\Fungus Damange\Fungus Damage_24.jpg,Fungus Damage_24.jpg,.jpg,image,SUCCESS,2026-05-27T22:15:07.004991,500.0,500.0,1.0,JPEG,RGB,22251,
C:\Users\USER\Documents\projects\maestria\POC\multimodal_DQ_analysis\data\images\archive\Fungus Damange\Fungus Damage_25.jpg,Fungus Damage_25.jpg,.jpg,image,SUCCESS,2026-05-27T22:15:07.005830,500.0,500.0,1.0,JPEG,RGB,20340,
C:\Users\USER\Documents\projects\maestria\POC\multimodal_DQ_analysis\data\images\archive\Fungus Damange\Fungus Damage_26.jpg,Fungus Damage_26.jpg,.jpg,image,SUCCESS,2026-05-27T22:15:07.006566,500.0,500.0,1.0,JPEG,RGB,19269,
C:\Users\USER\Documents\projects\maestria\POC\multimodal_DQ_analysis\data\images\archive\Fungus Damange\Fungus Damage_27.jpg,Fungus Damage_27.jpg,.jpg,image,SUCCESS,2026-05-27T22:15:07.007313,500.0,500.0,1.0,JPEG,RGB,19355,
C:\Users\USER\Documents\projects\maestria\POC\multimodal_DQ_analysis\data\images\archive\Fungus Damange\Fungus Damage_28.jpg,Fungus Damage_28.jpg,.jpg,image,SUCCESS,2026-05-27T22:15:07.008185,500.0,500.0,1.0,JPEG,RGB,22888,
C:\Users\USER\Documents\projects\maestria\POC\multimodal_DQ_analysis\data\images\archive\Fungus Damange\Fungus Damage_29.jpg,Fungus Damage_29.jpg,.jpg,image,SUCCESS,2026-05-27T22:15:07.009189,500.0,500.0,1.0,JPEG,RGB,20186,
C:\Users\USER\Documents\projects\maestria\POC\multimodal_DQ_analysis\data\images\archive\Fungus Damange\Fungus Damage_30.jpg,Fungus Damage_30.jpg,.jpg,image,SUCCESS,2026-05-27T22:15:07.010003,500.0,500.0,1.0,JPEG,RGB,19822,
C:\Users\USER\Documents\projects\maestria\POC\multimodal_DQ_analysis\data\images\archive\Fungus Damange\Fungus Damage_31.jpg,Fungus Damage_31.jpg,.jpg,image,SUCCESS,2026-05-27T22:15:07.010939,500.0,500.0,1.0,JPEG,RGB,19914,
C:\Users\USER\Documents\projects\maestria\POC\multimodal_DQ_analysis\data\images\archive\Fungus Damange\Fungus Damage_32.jpg,Fungus Damage_32.jpg,.jpg,image,SUCCESS,2026-05-27T22:15:07.011869,500.0,500.0,1.0,JPEG,RGB,21821,
C:\Users\USER\Documents\projects\maestria\POC\multimodal_DQ_analysis\data\images\archive\Fungus Damange\Fungus Damage_33.jpg,Fungus Damage_33.jpg,.jpg,image,SUCCESS,2026-05-27T22:15:07.012652,500.0,500.0,1.0,JPEG,RGB,23003,
C:\Users\USER\Documents\projects\maestria\POC\multimodal_DQ_analysis\data\images\archive\Fungus Damange\Fungus Damage_34.jpg,Fungus Damage_34.jpg,.jpg,image,SUCCESS,2026-05-27T22:15:07.013440,500.0,500.0,1.0,JPEG,RGB,21572,
C:\Users\USER\Documents\projects\maestria\POC\multimodal_DQ_analysis\data\images\archive\Fungus Damange\Fungus Damage_35.jpg,Fungus Damage_35.jpg,.jpg,image,SUCCESS,2026-05-27T22:15:07.014341,500.0,500.0,1.0,JPEG,RGB,18109,
C:\Users\USER\Documents\projects\maestria\POC\multimodal_DQ_analysis\data\images\archive\Fungus Damange\Fungus Damage_36.jpg,Fungus Damage_36.jpg,.jpg,image,SUCCESS,2026-05-27T22:15:07.015189,500.0,500.0,1.0,JPEG,RGB,20351,
C:\Users\USER\Documents\projects\maestria\POC\multimodal_DQ_analysis\data\images\archive\Fungus Damange\Fungus Damage_37.jpg,Fungus Damage_37.jpg,.jpg,image,SUCCESS,2026-05-27T22:15:07.016094,500.0,500.0,1.0,JPEG,RGB,19278,
C:\Users\USER\Documents\projects\maestria\POC\multimodal_DQ_analysis\data\images\archive\Fungus Damange\Fungus Damage_38.jpg,Fungus Damage_38.jpg,.jpg,image,SUCCESS,2026-05-27T22:15:07.016928,500.0,500.0,1.0,JPEG,RGB,19236,
C:\Users\USER\Documents\projects\maestria\POC\multimodal_DQ_analysis\data\images\archive\Fungus Damange\Fungus Damage_39.jpg,Fungus Damage_39.jpg,.jpg,image,SUCCESS,2026-05-27T22:15:07.017860,500.0,500.0,1.0,JPEG,RGB,20964,
C:\Users\USER\Documents\projects\maestria\POC\multimodal_DQ_analysis\data\images\archive\Fungus Damange\Fungus Damage_40.jpg,Fungus Damage_40.jpg,.jpg,image,SUCCESS,2026-05-27T22:15:07.018710,500.0,500.0,1.0,JPEG,RGB,24659,
C:\Users\USER\Documents\projects\maestria\POC\multimodal_DQ_analysis\data\images\archive\Fungus Damange\Fungus Damage_41.jpg,Fungus Damage_41.jpg,.jpg,image,SUCCESS,2026-05-27T22:15:07.019883,500.0,500.0,1.0,JPEG,RGB,21114,
C:\Users\USER\Documents\projects\maestria\POC\multimodal_DQ_analysis\data\images\archive\Fungus Damange\Fungus Damage_42.jpg,Fungus Damage_42.jpg,.jpg,image,SUCCESS,2026-05-27T22:15:07.020897,500.0,500.0,1.0,JPEG,RGB,20112,
C:\Users\USER\Documents\projects\maestria\POC\multimodal_DQ_analysis\data\images\archive\Fungus Damange\Fungus Damage_43.jpg,Fungus Damage_43.jpg,.jpg,image,SUCCESS,2026-05-27T22:15:07.021978,500.0,500.0,1.0,JPEG,RGB,19989,
C:\Users\USER\Documents\projects\maestria\POC\multimodal_DQ_analysis\data\images\archive\Fungus Damange\Fungus Damage_44.jpg,Fungus Damage_44.jpg,.jpg,image,SUCCESS,2026-05-27T22:15:07.023141,500.0,500.0,1.0,JPEG,RGB,19673,
C:\Users\USER\Documents\projects\maestria\POC\multimodal_DQ_analysis\data\images\archive\Fungus Damange\Fungus Damage_45.jpg,Fungus Damage_45.jpg,.jpg,image,SUCCESS,2026-05-27T22:15:07.024082,500.0,500.0,1.0,JPEG,RGB,23999,
C:\Users\USER\Documents\projects\maestria\POC\multimodal_DQ_analysis\data\images\archive\Fungus Damange\Fungus Damage_46.jpg,Fungus Damage_46.jpg,.jpg,image,SUCCESS,2026-05-27T22:15:07.024861,500.0,500.0,1.0,JPEG,RGB,19064,
C:\Users\USER\Documents\projects\maestria\POC\multimodal_DQ_analysis\data\images\archive\Fungus Damange\Fungus Damage_47.jpg,Fungus Damage_47.jpg,.jpg,image,SUCCESS,2026-05-27T22:15:07.025767,500.0,500.0,1.0,JPEG,RGB,21659,
C:\Users\USER\Documents\projects\maestria\POC\multimodal_DQ_analysis\data\images\archive\Fungus Damange\Fungus Damage_48.jpg,Fungus Damage_48.jpg,.jpg,image,SUCCESS,2026-05-27T22:15:07.026563,500.0,500.0,1.0,JPEG,RGB,18982,
C:\Users\USER\Documents\projects\maestria\POC\multimodal_DQ_analysis\data\images\archive\Fungus Damange\Fungus Damage_49.jpg,Fungus Damage_49.jpg,.jpg,image,SUCCESS,2026-05-27T22:15:07.027697,500.0,500.0,1.0,JPEG,RGB,19962,
C:\Users\USER\Documents\projects\maestria\POC\multimodal_DQ_analysis\data\images\archive\Fungus Damange\Fungus Damage_50.jpg,Fungus Damage_50.jpg,.jpg,image,SUCCESS,2026-05-27T22:15:07.028530,500.0,500.0,1.0,JPEG,RGB,19650,
C:\Users\USER\Documents\projects\maestria\POC\multimodal_DQ_analysis\data\images\archive\Fungus Damange\Fungus Damage_51.jpg,Fungus Damage_51.jpg,.jpg,image,SUCCESS,2026-05-27T22:15:07.029285,500.0,500.0,1.0,JPEG,RGB,18353,
C:\Users\USER\Documents\projects\maestria\POC\multimodal_DQ_analysis\data\images\archive\Fungus Damange\Fungus Damage_52.jpg,Fungus Damage_52.jpg,.jpg,image,SUCCESS,2026-05-27T22:15:07.030206,500.0,500.0,1.0,JPEG,RGB,20593,
C:\Users\USER\Documents\projects\maestria\POC\multimodal_DQ_analysis\data\images\archive\Fungus Damange\Fungus Damage_53.jpg,Fungus Damage_53.jpg,.jpg,image,SUCCESS,2026-05-27T22:15:07.031064,500.0,500.0,1.0,JPEG,RGB,20763,
C:\Users\USER\Documents\projects\maestria\POC\multimodal_DQ_analysis\data\images\archive\Fungus Damange\Fungus Damage_54.jpg,Fungus Damage_54.jpg,.jpg,image,SUCCESS,2026-05-27T22:15:07.031943,500.0,500.0,1.0,JPEG,RGB,18458,
C:\Users\USER\Documents\projects\maestria\POC\multimodal_DQ_analysis\data\images\archive\Fungus Damange\Fungus Damage_55.jpg,Fungus Damage_55.jpg,.jpg,image,SUCCESS,2026-05-27T22:15:07.032736,500.0,500.0,1.0,JPEG,RGB,20567,
C:\Users\USER\Documents\projects\maestria\POC\multimodal_DQ_analysis\data\images\archive\Fungus Damange\Fungus Damage_56.jpg,Fungus Damage_56.jpg,.jpg,image,SUCCESS,2026-05-27T22:15:07.033509,500.0,500.0,1.0,JPEG,RGB,20547,
C:\Users\USER\Documents\projects\maestria\POC\multimodal_DQ_analysis\data\images\archive\Fungus Damange\Fungus Damage_57.jpg,Fungus Damage_57.jpg,.jpg,image,SUCCESS,2026-05-27T22:15:07.034285,500.0,500.0,1.0,JPEG,RGB,18356,
C:\Users\USER\Documents\projects\maestria\POC\multimodal_DQ_analysis\data\images\archive\Fungus Damange\Fungus Damage_58.jpg,Fungus Damage_58.jpg,.jpg,image,SUCCESS,2026-05-27T22:15:07.035397,500.0,500.0,1.0,JPEG,RGB,18715,
C:\Users\USER\Documents\projects\maestria\POC\multimodal_DQ_analysis\data\images\archive\Fungus Damange\Fungus Damage_59.jpg,Fungus Damage_59.jpg,.jpg,image,SUCCESS,2026-05-27T22:15:07.036222,500.0,500.0,1.0,JPEG,RGB,22439,
C:\Users\USER\Documents\projects\maestria\POC\multimodal_DQ_analysis\data\images\archive\Fungus Damange\Fungus Damage_60.jpg,Fungus Damage_60.jpg,.jpg,image,SUCCESS,2026-05-27T22:15:07.037037,500.0,500.0,1.0,JPEG,RGB,24504,
C:\Users\USER\Documents\projects\maestria\POC\multimodal_DQ_analysis\data\images\archive\Fungus Damange\Fungus Damage_61.jpg,Fungus Damage_61.jpg,.jpg,image,SUCCESS,2026-05-27T22:15:07.037912,500.0,500.0,1.0,JPEG,RGB,19534,
C:\Users\USER\Documents\projects\maestria\POC\multimodal_DQ_analysis\data\images\archive\Fungus Damange\Fungus Damage_62.jpg,Fungus Damage_62.jpg,.jpg,image,SUCCESS,2026-05-27T22:15:07.038827,500.0,500.0,1.0,JPEG,RGB,20833,
C:\Users\USER\Documents\projects\maestria\POC\multimodal_DQ_analysis\data\images\archive\Fungus Damange\Fungus Damage_63.jpg,Fungus Damage_63.jpg,.jpg,image,SUCCESS,2026-05-27T22:15:07.039697,500.0,500.0,1.0,JPEG,RGB,22566,
C:\Users\USER\Documents\projects\maestria\POC\multimodal_DQ_analysis\data\images\archive\Fungus Damange\Fungus Damage_64.jpg,Fungus Damage_64.jpg,.jpg,image,SUCCESS,2026-05-27T22:15:07.040794,500.0,500.0,1.0,JPEG,RGB,114663,
C:\Users\USER\Documents\projects\maestria\POC\multimodal_DQ_analysis\data\images\archive\Fungus Damange\Fungus Damage_65.jpg,Fungus Damage_65.jpg,.jpg,image,SUCCESS,2026-05-27T22:15:07.041939,500.0,500.0,1.0,JPEG,RGB,104011,
C:\Users\USER\Documents\projects\maestria\POC\multimodal_DQ_analysis\data\images\archive\Fungus Damange\Fungus Damage_66.jpg,Fungus Damage_66.jpg,.jpg,image,SUCCESS,2026-05-27T22:15:07.042944,500.0,500.0,1.0,JPEG,RGB,100498,
C:\Users\USER\Documents\projects\maestria\POC\multimodal_DQ_analysis\data\images\archive\Fungus Damange\Fungus Damage_67.jpg,Fungus Damage_67.jpg,.jpg,image,SUCCESS,2026-05-27T22:15:07.043761,500.0,500.0,1.0,JPEG,RGB,99203,
C:\Users\USER\Documents\projects\maestria\POC\multimodal_DQ_analysis\data\images\archive\Fungus Damange\Fungus Damage_68.jpg,Fungus Damage_68.jpg,.jpg,image,SUCCESS,2026-05-27T22:15:07.044690,500.0,500.0,1.0,JPEG,RGB,109452,
C:\Users\USER\Documents\projects\maestria\POC\multimodal_DQ_analysis\data\images\archive\Fungus Damange\Fungus Damage_69.jpg,Fungus Damage_69.jpg,.jpg,image,SUCCESS,2026-05-27T22:15:07.045833,500.0,500.0,1.0,JPEG,RGB,98652,
C:\Users\USER\Documents\projects\maestria\POC\multimodal_DQ_analysis\data\images\archive\Fungus Damange\Fungus Damage_70.jpg,Fungus Damage_70.jpg,.jpg,image,SUCCESS,2026-05-27T22:15:07.046768,500.0,500.0,1.0,JPEG,RGB,108080,
C:\Users\USER\Documents\projects\maestria\POC\multimodal_DQ_analysis\data\images\archive\Fungus Damange\Fungus Damage_71.jpg,Fungus Damage_71.jpg,.jpg,image,SUCCESS,2026-05-27T22:15:07.047656,500.0,500.0,1.0,JPEG,RGB,112822,
C:\Users\USER\Documents\projects\maestria\POC\multimodal_DQ_analysis\data\images\archive\Fungus Damange\Fungus Damage_72.jpg,Fungus Damage_72.jpg,.jpg,image,SUCCESS,2026-05-27T22:15:07.048815,500.0,500.0,1.0,JPEG,RGB,115776,
C:\Users\USER\Documents\projects\maestria\POC\multimodal_DQ_analysis\data\images\archive\Fungus Damange\Fungus Damage_73.jpg,Fungus Damage_73.jpg,.jpg,image,SUCCESS,2026-05-27T22:15:07.049666,500.0,500.0,1.0,JPEG,RGB,116500,
C:\Users\USER\Documents\projects\maestria\POC\multimodal_DQ_analysis\data\images\archive\Fungus Damange\Fungus Damage_74.jpg,Fungus Damage_74.jpg,.jpg,image,SUCCESS,2026-05-27T22:15:07.050550,500.0,500.0,1.0,JPEG,RGB,103605,
C:\Users\USER\Documents\projects\maestria\POC\multimodal_DQ_analysis\data\images\archive\Fungus Damange\Fungus Damage_75.jpg,Fungus Damage_75.jpg,.jpg,image,SUCCESS,2026-05-27T22:15:07.051395,500.0,500.0,1.0,JPEG,RGB,98647,
C:\Users\USER\Documents\projects\maestria\POC\multimodal_DQ_analysis\data\images\archive\Husk\Husk_01.jpg,Husk_01.jpg,.jpg,image,SUCCESS,2026-05-27T22:15:07.052235,500.0,500.0,1.0,JPEG,RGB,116071,
C:\Users\USER\Documents\projects\maestria\POC\multimodal_DQ_analysis\data\images\archive\Husk\Husk_02.jpg,Husk_02.jpg,.jpg,image,SUCCESS,2026-05-27T22:15:07.053054,500.0,500.0,1.0,JPEG,RGB,124334,
C:\Users\USER\Documents\projects\maestria\POC\multimodal_DQ_analysis\data\images\archive\Husk\Husk_03.jpg,Husk_03.jpg,.jpg,image,SUCCESS,2026-05-27T22:15:07.054049,500.0,500.0,1.0,JPEG,RGB,119775,
C:\Users\USER\Documents\projects\maestria\POC\multimodal_DQ_analysis\data\images\archive\Husk\Husk_04.jpg,Husk_04.jpg,.jpg,image,SUCCESS,2026-05-27T22:15:07.054985,500.0,500.0,1.0,JPEG,RGB,118832,
C:\Users\USER\Documents\projects\maestria\POC\multimodal_DQ_analysis\data\images\archive\Husk\Husk_05.jpg,Husk_05.jpg,.jpg,image,SUCCESS,2026-05-27T22:15:07.055743,500.0,500.0,1.0,JPEG,RGB,112949,
C:\Users\USER\Documents\projects\maestria\POC\multimodal_DQ_analysis\data\images\archive\Husk\Husk_06.jpg,Husk_06.jpg,.jpg,image,SUCCESS,2026-05-27T22:15:07.056491,500.0,500.0,1.0,JPEG,RGB,107335,
C:\Users\USER\Documents\projects\maestria\POC\multimodal_DQ_analysis\data\images\archive\Husk\Husk_07.jpg,Husk_07.jpg,.jpg,image,SUCCESS,2026-05-27T22:15:07.057086,500.0,500.0,1.0,JPEG,RGB,121037,
C:\Users\USER\Documents\projects\maestria\POC\multimodal_DQ_analysis\data\images\archive\Husk\Husk_08.jpg,Husk_08.jpg,.jpg,image,SUCCESS,2026-05-27T22:15:07.057769,500.0,500.0,1.0,JPEG,RGB,110933,
C:\Users\USER\Documents\projects\maestria\POC\multimodal_DQ_analysis\data\images\archive\Husk\Husk_09.jpg,Husk_09.jpg,.jpg,image,SUCCESS,2026-05-27T22:15:07.058495,500.0,500.0,1.0,JPEG,RGB,107486,
C:\Users\USER\Documents\projects\maestria\POC\multimodal_DQ_analysis\data\images\archive\Husk\Husk_10.jpg,Husk_10.jpg,.jpg,image,SUCCESS,2026-05-27T22:15:07.059316,500.0,500.0,1.0,JPEG,RGB,104812,
C:\Users\USER\Documents\projects\maestria\POC\multimodal_DQ_analysis\data\images\archive\Husk\Husk_11.jpg,Husk_11.jpg,.jpg,image,SUCCESS,2026-05-27T22:15:07.060298,500.0,500.0,1.0,JPEG,RGB,127778,
C:\Users\USER\Documents\projects\maestria\POC\multimodal_DQ_analysis\data\images\archive\Husk\Husk_12.jpg,Husk_12.jpg,.jpg,image,SUCCESS,2026-05-27T22:15:07.061055,500.0,500.0,1.0,JPEG,RGB,112235,
C:\Users\USER\Documents\projects\maestria\POC\multimodal_DQ_analysis\data\images\archive\Husk\Husk_13.jpg,Husk_13.jpg,.jpg,image,SUCCESS,2026-05-27T22:15:07.061931,500.0,500.0,1.0,JPEG,RGB,129175,
C:\Users\USER\Documents\projects\maestria\POC\multimodal_DQ_analysis\data\images\archive\Husk\Husk_14.jpg,Husk_14.jpg,.jpg,image,SUCCESS,2026-05-27T22:15:07.062713,500.0,500.0,1.0,JPEG,RGB,107104,
C:\Users\USER\Documents\projects\maestria\POC\multimodal_DQ_analysis\data\images\archive\Husk\Husk_15.jpg,Husk_15.jpg,.jpg,image,SUCCESS,2026-05-27T22:15:07.063470,500.0,500.0,1.0,JPEG,RGB,101276,
C:\Users\USER\Documents\projects\maestria\POC\multimodal_DQ_analysis\data\images\archive\Husk\Husk_16.jpg,Husk_16.jpg,.jpg,image,SUCCESS,2026-05-27T22:15:07.064246,500.0,500.0,1.0,JPEG,RGB,120176,
C:\Users\USER\Documents\projects\maestria\POC\multimodal_DQ_analysis\data\images\archive\Husk\Husk_17.jpg,Husk_17.jpg,.jpg,image,SUCCESS,2026-05-27T22:15:07.065041,500.0,500.0,1.0,JPEG,RGB,122227,
C:\Users\USER\Documents\projects\maestria\POC\multimodal_DQ_analysis\data\images\archive\Husk\Husk_18.jpg,Husk_18.jpg,.jpg,image,SUCCESS,2026-05-27T22:15:07.065820,500.0,500.0,1.0,JPEG,RGB,113614,
C:\Users\USER\Documents\projects\maestria\POC\multimodal_DQ_analysis\data\images\archive\Husk\Husk_19.jpg,Husk_19.jpg,.jpg,image,SUCCESS,2026-05-27T22:15:07.066738,500.0,500.0,1.0,JPEG,RGB,134902,
C:\Users\USER\Documents\projects\maestria\POC\multimodal_DQ_analysis\data\images\archive\Husk\Husk_20.jpg,Husk_20.jpg,.jpg,image,SUCCESS,2026-05-27T22:15:07.067689,500.0,500.0,1.0,JPEG,RGB,121586,
C:\Users\USER\Documents\projects\maestria\POC\multimodal_DQ_analysis\data\images\archive\Husk\Husk_21.jpg,Husk_21.jpg,.jpg,image,SUCCESS,2026-05-27T22:15:07.068627,500.0,500.0,1.0,JPEG,RGB,115970,
C:\Users\USER\Documents\projects\maestria\POC\multimodal_DQ_analysis\data\images\archive\Husk\Husk_22.jpg,Husk_22.jpg,.jpg,image,SUCCESS,2026-05-27T22:15:07.069602,500.0,500.0,1.0,JPEG,RGB,106705,
C:\Users\USER\Documents\projects\maestria\POC\multimodal_DQ_analysis\data\images\archive\Husk\Husk_23.jpg,Husk_23.jpg,.jpg,image,SUCCESS,2026-05-27T22:15:07.070475,500.0,500.0,1.0,JPEG,RGB,101805,
C:\Users\USER\Documents\projects\maestria\POC\multimodal_DQ_analysis\data\images\archive\Husk\Husk_24.jpg,Husk_24.jpg,.jpg,image,SUCCESS,2026-05-27T22:15:07.071202,500.0,500.0,1.0,JPEG,RGB,115726,
C:\Users\USER\Documents\projects\maestria\POC\multimodal_DQ_analysis\data\images\archive\Husk\Husk_25.jpg,Husk_25.jpg,.jpg,image,SUCCESS,2026-05-27T22:15:07.072093,500.0,500.0,1.0,JPEG,RGB,128251,
C:\Users\USER\Documents\projects\maestria\POC\multimodal_DQ_analysis\data\images\archive\Husk\Husk_26.jpg,Husk_26.jpg,.jpg,image,SUCCESS,2026-05-27T22:15:07.072887,500.0,500.0,1.0,JPEG,RGB,123455,
C:\Users\USER\Documents\projects\maestria\POC\multimodal_DQ_analysis\data\images\archive\Husk\Husk_27.jpg,Husk_27.jpg,.jpg,image,SUCCESS,2026-05-27T22:15:07.073725,500.0,500.0,1.0,JPEG,RGB,115952,
C:\Users\USER\Documents\projects\maestria\POC\multimodal_DQ_analysis\data\images\archive\Husk\Husk_28.jpg,Husk_28.jpg,.jpg,image,SUCCESS,2026-05-27T22:15:07.074496,500.0,500.0,1.0,JPEG,RGB,135342,
C:\Users\USER\Documents\projects\maestria\POC\multimodal_DQ_analysis\data\images\archive\Husk\Husk_29.jpg,Husk_29.jpg,.jpg,image,SUCCESS,2026-05-27T22:15:07.075270,500.0,500.0,1.0,JPEG,RGB,115224,
C:\Users\USER\Documents\projects\maestria\POC\multimodal_DQ_analysis\data\images\archive\Husk\Husk_30.jpg,Husk_30.jpg,.jpg,image,SUCCESS,2026-05-27T22:15:07.076130,500.0,500.0,1.0,JPEG,RGB,108414,
C:\Users\USER\Documents\projects\maestria\POC\multimodal_DQ_analysis\data\images\archive\Husk\Husk_31.jpg,Husk_31.jpg,.jpg,image,SUCCESS,2026-05-27T22:15:07.076938,500.0,500.0,1.0,JPEG,RGB,129932,
C:\Users\USER\Documents\projects\maestria\POC\multimodal_DQ_analysis\data\images\archive\Husk\Husk_32.jpg,Husk_32.jpg,.jpg,image,SUCCESS,2026-05-27T22:15:07.077727,500.0,500.0,1.0,JPEG,RGB,112155,
C:\Users\USER\Documents\projects\maestria\POC\multimodal_DQ_analysis\data\images\archive\Husk\Husk_33.jpg,Husk_33.jpg,.jpg,image,SUCCESS,2026-05-27T22:15:07.078522,500.0,500.0,1.0,JPEG,RGB,118515,
C:\Users\USER\Documents\projects\maestria\POC\multimodal_DQ_analysis\data\images\archive\Husk\Husk_34.jpg,Husk_34.jpg,.jpg,image,SUCCESS,2026-05-27T22:15:07.079346,500.0,500.0,1.0,JPEG,RGB,126912,
C:\Users\USER\Documents\projects\maestria\POC\multimodal_DQ_analysis\data\images\archive\Husk\Husk_35.jpg,Husk_35.jpg,.jpg,image,SUCCESS,2026-05-27T22:15:07.080020,500.0,500.0,1.0,JPEG,RGB,109319,
C:\Users\USER\Documents\projects\maestria\POC\multimodal_DQ_analysis\data\images\archive\Husk\Husk_36.jpg,Husk_36.jpg,.jpg,image,SUCCESS,2026-05-27T22:15:07.080822,500.0,500.0,1.0,JPEG,RGB,117939,
C:\Users\USER\Documents\projects\maestria\POC\multimodal_DQ_analysis\data\images\archive\Husk\Husk_37.jpg,Husk_37.jpg,.jpg,image,SUCCESS,2026-05-27T22:15:07.081789,500.0,500.0,1.0,JPEG,RGB,129509,
C:\Users\USER\Documents\projects\maestria\POC\multimodal_DQ_analysis\data\images\archive\Husk\Husk_38.jpg,Husk_38.jpg,.jpg,image,SUCCESS,2026-05-27T22:15:07.082729,500.0,500.0,1.0,JPEG,RGB,125172,
C:\Users\USER\Documents\projects\maestria\POC\multimodal_DQ_analysis\data\images\archive\Husk\Husk_39.jpg,Husk_39.jpg,.jpg,image,SUCCESS,2026-05-27T22:15:07.083731,500.0,500.0,1.0,JPEG,RGB,110132,
C:\Users\USER\Documents\projects\maestria\POC\multimodal_DQ_analysis\data\images\archive\Husk\Husk_40.jpg,Husk_40.jpg,.jpg,image,SUCCESS,2026-05-27T22:15:07.084661,500.0,500.0,1.0,JPEG,RGB,101705,
C:\Users\USER\Documents\projects\maestria\POC\multimodal_DQ_analysis\data\images\archive\Husk\Husk_41.jpg,Husk_41.jpg,.jpg,image,SUCCESS,2026-05-27T22:15:07.085582,500.0,500.0,1.0,JPEG,RGB,122711,
C:\Users\USER\Documents\projects\maestria\POC\multimodal_DQ_analysis\data\images\archive\Husk\Husk_42.jpg,Husk_42.jpg,.jpg,image,SUCCESS,2026-05-27T22:15:07.086435,500.0,500.0,1.0,JPEG,RGB,111047,
C:\Users\USER\Documents\projects\maestria\POC\multimodal_DQ_analysis\data\images\archive\Husk\Husk_43.jpg,Husk_43.jpg,.jpg,image,SUCCESS,2026-05-27T22:15:07.087269,500.0,500.0,1.0,JPEG,RGB,115304,
C:\Users\USER\Documents\projects\maestria\POC\multimodal_DQ_analysis\data\images\archive\Husk\Husk_44.jpg,Husk_44.jpg,.jpg,image,SUCCESS,2026-05-27T22:15:07.088088,500.0,500.0,1.0,JPEG,RGB,122375,
C:\Users\USER\Documents\projects\maestria\POC\multimodal_DQ_analysis\data\images\archive\Husk\Husk_45.jpg,Husk_45.jpg,.jpg,image,SUCCESS,2026-05-27T22:15:07.088819,500.0,500.0,1.0,JPEG,RGB,112789,
C:\Users\USER\Documents\projects\maestria\POC\multimodal_DQ_analysis\data\images\archive\Husk\Husk_46.jpg,Husk_46.jpg,.jpg,image,SUCCESS,2026-05-27T22:15:07.089586,500.0,500.0,1.0,JPEG,RGB,124696,
C:\Users\USER\Documents\projects\maestria\POC\multimodal_DQ_analysis\data\images\archive\Husk\Husk_47.jpg,Husk_47.jpg,.jpg,image,SUCCESS,2026-05-27T22:15:07.090420,500.0,500.0,1.0,JPEG,RGB,115760,
C:\Users\USER\Documents\projects\maestria\POC\multimodal_DQ_analysis\data\images\archive\Husk\Husk_48.jpg,Husk_48.jpg,.jpg,image,SUCCESS,2026-05-27T22:15:07.091263,500.0,500.0,1.0,JPEG,RGB,110102,
C:\Users\USER\Documents\projects\maestria\POC\multimodal_DQ_analysis\data\images\archive\Husk\Husk_49.jpg,Husk_49.jpg,.jpg,image,SUCCESS,2026-05-27T22:15:07.092044,500.0,500.0,1.0,JPEG,RGB,104596,
C:\Users\USER\Documents\projects\maestria\POC\multimodal_DQ_analysis\data\images\archive\Husk\Husk_50.jpg,Husk_50.jpg,.jpg,image,SUCCESS,2026-05-27T22:15:07.092809,500.0,500.0,1.0,JPEG,RGB,107161,
C:\Users\USER\Documents\projects\maestria\POC\multimodal_DQ_analysis\data\images\archive\Husk\Husk_51.jpg,Husk_51.jpg,.jpg,image,SUCCESS,2026-05-27T22:15:07.093552,500.0,500.0,1.0,JPEG,RGB,105090,
C:\Users\USER\Documents\projects\maestria\POC\multimodal_DQ_analysis\data\images\archive\Husk\Husk_52.jpg,Husk_52.jpg,.jpg,image,SUCCESS,2026-05-27T22:15:07.094281,500.0,500.0,1.0,JPEG,RGB,105088,
C:\Users\USER\Documents\projects\maestria\POC\multimodal_DQ_analysis\data\images\archive\Husk\Husk_53.jpg,Husk_53.jpg,.jpg,image,SUCCESS,2026-05-27T22:15:07.095031,500.0,500.0,1.0,JPEG,RGB,115454,
C:\Users\USER\Documents\projects\maestria\POC\multimodal_DQ_analysis\data\images\archive\Immature\Immature_01.jpg,Immature_01.jpg,.jpg,image,SUCCESS,2026-05-27T22:15:07.095811,500.0,500.0,1.0,JPEG,RGB,106531,
C:\Users\USER\Documents\projects\maestria\POC\multimodal_DQ_analysis\data\images\archive\Immature\Immature_02.jpg,Immature_02.jpg,.jpg,image,SUCCESS,2026-05-27T22:15:07.096551,500.0,500.0,1.0,JPEG,RGB,110793,
C:\Users\USER\Documents\projects\maestria\POC\multimodal_DQ_analysis\data\images\archive\Immature\Immature_03.jpg,Immature_03.jpg,.jpg,image,SUCCESS,2026-05-27T22:15:07.097748,500.0,500.0,1.0,JPEG,RGB,113507,
C:\Users\USER\Documents\projects\maestria\POC\multimodal_DQ_analysis\data\images\archive\Immature\Immature_04.jpg,Immature_04.jpg,.jpg,image,SUCCESS,2026-05-27T22:15:07.098702,500.0,500.0,1.0,JPEG,RGB,106390,
C:\Users\USER\Documents\projects\maestria\POC\multimodal_DQ_analysis\data\images\archive\Immature\Immature_05.jpg,Immature_05.jpg,.jpg,image,SUCCESS,2026-05-27T22:15:07.099399,500.0,500.0,1.0,JPEG,RGB,104775,
C:\Users\USER\Documents\projects\maestria\POC\multimodal_DQ_analysis\data\images\archive\Immature\Immature_06.jpg,Immature_06.jpg,.jpg,image,SUCCESS,2026-05-27T22:15:07.100164,500.0,500.0,1.0,JPEG,RGB,105985,
C:\Users\USER\Documents\projects\maestria\POC\multimodal_DQ_analysis\data\images\archive\Immature\Immature_07.jpg,Immature_07.jpg,.jpg,image,SUCCESS,2026-05-27T22:15:07.100905,500.0,500.0,1.0,JPEG,RGB,115209,
C:\Users\USER\Documents\projects\maestria\POC\multimodal_DQ_analysis\data\images\archive\Immature\Immature_08.jpg,Immature_08.jpg,.jpg,image,SUCCESS,2026-05-27T22:15:07.101577,500.0,500.0,1.0,JPEG,RGB,103039,
C:\Users\USER\Documents\projects\maestria\POC\multimodal_DQ_analysis\data\images\archive\Immature\Immature_09.jpg,Immature_09.jpg,.jpg,image,SUCCESS,2026-05-27T22:15:07.102310,500.0,500.0,1.0,JPEG,RGB,106084,
C:\Users\USER\Documents\projects\maestria\POC\multimodal_DQ_analysis\data\images\archive\Immature\Immature_10.jpg,Immature_10.jpg,.jpg,image,SUCCESS,2026-05-27T22:15:07.103051,500.0,500.0,1.0,JPEG,RGB,102287,
C:\Users\USER\Documents\projects\maestria\POC\multimodal_DQ_analysis\data\images\archive\Immature\Immature_11.jpg,Immature_11.jpg,.jpg,image,SUCCESS,2026-05-27T22:15:07.103717,500.0,500.0,1.0,JPEG,RGB,107328,
C:\Users\USER\Documents\projects\maestria\POC\multimodal_DQ_analysis\data\images\archive\Immature\Immature_12.jpg,Immature_12.jpg,.jpg,image,SUCCESS,2026-05-27T22:15:07.104354,500.0,500.0,1.0,JPEG,RGB,106531,
C:\Users\USER\Documents\projects\maestria\POC\multimodal_DQ_analysis\data\images\archive\Immature\Immature_13.jpg,Immature_13.jpg,.jpg,image,SUCCESS,2026-05-27T22:15:07.105060,500.0,500.0,1.0,JPEG,RGB,111786,
C:\Users\USER\Documents\projects\maestria\POC\multimodal_DQ_analysis\data\images\archive\Immature\Immature_14.jpg,Immature_14.jpg,.jpg,image,SUCCESS,2026-05-27T22:15:07.105821,500.0,500.0,1.0,JPEG,RGB,107179,
C:\Users\USER\Documents\projects\maestria\POC\multimodal_DQ_analysis\data\images\archive\Immature\Immature_15.jpg,Immature_15.jpg,.jpg,image,SUCCESS,2026-05-27T22:15:07.106291,500.0,500.0,1.0,JPEG,RGB,90096,
C:\Users\USER\Documents\projects\maestria\POC\multimodal_DQ_analysis\data\images\archive\Immature\Immature_16.jpg,Immature_16.jpg,.jpg,image,SUCCESS,2026-05-27T22:15:07.106710,500.0,500.0,1.0,JPEG,RGB,102190,
C:\Users\USER\Documents\projects\maestria\POC\multimodal_DQ_analysis\data\images\archive\Immature\Immature_17.jpg,Immature_17.jpg,.jpg,image,SUCCESS,2026-05-27T22:15:07.107235,500.0,500.0,1.0,JPEG,RGB,103106,
C:\Users\USER\Documents\projects\maestria\POC\multimodal_DQ_analysis\data\images\archive\Immature\Immature_18.jpg,Immature_18.jpg,.jpg,image,SUCCESS,2026-05-27T22:15:07.107883,500.0,500.0,1.0,JPEG,RGB,111798,
C:\Users\USER\Documents\projects\maestria\POC\multimodal_DQ_analysis\data\images\archive\Immature\Immature_19.jpg,Immature_19.jpg,.jpg,image,SUCCESS,2026-05-27T22:15:07.108846,500.0,500.0,1.0,JPEG,RGB,100061,
C:\Users\USER\Documents\projects\maestria\POC\multimodal_DQ_analysis\data\images\archive\Immature\Immature_20.jpg,Immature_20.jpg,.jpg,image,SUCCESS,2026-05-27T22:15:07.109709,500.0,500.0,1.0,JPEG,RGB,104709,
C:\Users\USER\Documents\projects\maestria\POC\multimodal_DQ_analysis\data\images\archive\Immature\Immature_21.jpg,Immature_21.jpg,.jpg,image,SUCCESS,2026-05-27T22:15:07.110495,500.0,500.0,1.0,JPEG,RGB,102231,
C:\Users\USER\Documents\projects\maestria\POC\multimodal_DQ_analysis\data\images\archive\Immature\Immature_22.jpg,Immature_22.jpg,.jpg,image,SUCCESS,2026-05-27T22:15:07.111265,500.0,500.0,1.0,JPEG,RGB,109565,
C:\Users\USER\Documents\projects\maestria\POC\multimodal_DQ_analysis\data\images\archive\Immature\Immature_23.jpg,Immature_23.jpg,.jpg,image,SUCCESS,2026-05-27T22:15:07.112019,500.0,500.0,1.0,JPEG,RGB,109821,
C:\Users\USER\Documents\projects\maestria\POC\multimodal_DQ_analysis\data\images\archive\Immature\Immature_24.jpg,Immature_24.jpg,.jpg,image,SUCCESS,2026-05-27T22:15:07.112944,500.0,500.0,1.0,JPEG,RGB,107227,
C:\Users\USER\Documents\projects\maestria\POC\multimodal_DQ_analysis\data\images\archive\Immature\Immature_25.jpg,Immature_25.jpg,.jpg,image,SUCCESS,2026-05-27T22:15:07.113914,500.0,500.0,1.0,JPEG,RGB,115209,
C:\Users\USER\Documents\projects\maestria\POC\multimodal_DQ_analysis\data\images\archive\Immature\Immature_26.jpg,Immature_26.jpg,.jpg,image,SUCCESS,2026-05-27T22:15:07.114946,500.0,500.0,1.0,JPEG,RGB,104775,
C:\Users\USER\Documents\projects\maestria\POC\multimodal_DQ_analysis\data\images\archive\Immature\Immature_27.jpg,Immature_27.jpg,.jpg,image,SUCCESS,2026-05-27T22:15:07.116126,500.0,500.0,1.0,JPEG,RGB,103039,
C:\Users\USER\Documents\projects\maestria\POC\multimodal_DQ_analysis\data\images\archive\Immature\Immature_28.jpg,Immature_28.jpg,.jpg,image,SUCCESS,2026-05-27T22:15:07.116999,500.0,500.0,1.0,JPEG,RGB,106084,
C:\Users\USER\Documents\projects\maestria\POC\multimodal_DQ_analysis\data\images\archive\Immature\Immature_29.jpg,Immature_29.jpg,.jpg,image,SUCCESS,2026-05-27T22:15:07.117766,500.0,500.0,1.0,JPEG,RGB,102287,
C:\Users\USER\Documents\projects\maestria\POC\multimodal_DQ_analysis\data\images\archive\Immature\Immature_30.jpg,Immature_30.jpg,.jpg,image,SUCCESS,2026-05-27T22:15:07.118544,500.0,500.0,1.0,JPEG,RGB,107328,
C:\Users\USER\Documents\projects\maestria\POC\multimodal_DQ_analysis\data\images\archive\Immature\Immature_31.jpg,Immature_31.jpg,.jpg,image,SUCCESS,2026-05-27T22:15:07.119470,500.0,500.0,1.0,JPEG,RGB,111786,
C:\Users\USER\Documents\projects\maestria\POC\multimodal_DQ_analysis\data\images\archive\Immature\Immature_32.jpg,Immature_32.jpg,.jpg,image,SUCCESS,2026-05-27T22:15:07.120231,500.0,500.0,1.0,JPEG,RGB,108865,
C:\Users\USER\Documents\projects\maestria\POC\multimodal_DQ_analysis\data\images\archive\Immature\Immature_33.jpg,Immature_33.jpg,.jpg,image,SUCCESS,2026-05-27T22:15:07.121106,500.0,500.0,1.0,JPEG,RGB,101575,
C:\Users\USER\Documents\projects\maestria\POC\multimodal_DQ_analysis\data\images\archive\Immature\Immature_34.jpg,Immature_34.jpg,.jpg,image,SUCCESS,2026-05-27T22:15:07.121984,500.0,500.0,1.0,JPEG,RGB,107179,
C:\Users\USER\Documents\projects\maestria\POC\multimodal_DQ_analysis\data\images\archive\Immature\Immature_35.jpg,Immature_35.jpg,.jpg,image,SUCCESS,2026-05-27T22:15:07.123035,500.0,500.0,1.0,JPEG,RGB,102190,
C:\Users\USER\Documents\projects\maestria\POC\multimodal_DQ_analysis\data\images\archive\Immature\Immature_36.jpg,Immature_36.jpg,.jpg,image,SUCCESS,2026-05-27T22:15:07.123875,500.0,500.0,1.0,JPEG,RGB,103106,
C:\Users\USER\Documents\projects\maestria\POC\multimodal_DQ_analysis\data\images\archive\Immature\Immature_37.jpg,Immature_37.jpg,.jpg,image,SUCCESS,2026-05-27T22:15:07.124839,500.0,500.0,1.0,JPEG,RGB,111798,
C:\Users\USER\Documents\projects\maestria\POC\multimodal_DQ_analysis\data\images\archive\Immature\Immature_38.jpg,Immature_38.jpg,.jpg,image,SUCCESS,2026-05-27T22:15:07.125697,500.0,500.0,1.0,JPEG,RGB,113031,
C:\Users\USER\Documents\projects\maestria\POC\multimodal_DQ_analysis\data\images\archive\Immature\Immature_39.jpg,Immature_39.jpg,.jpg,image,SUCCESS,2026-05-27T22:15:07.126473,500.0,500.0,1.0,JPEG,RGB,102669,
C:\Users\USER\Documents\projects\maestria\POC\multimodal_DQ_analysis\data\images\archive\Immature\Immature_40.jpg,Immature_40.jpg,.jpg,image,SUCCESS,2026-05-27T22:15:07.127250,500.0,500.0,1.0,JPEG,RGB,107748,
C:\Users\USER\Documents\projects\maestria\POC\multimodal_DQ_analysis\data\images\archive\Immature\Immature_41.jpg,Immature_41.jpg,.jpg,image,SUCCESS,2026-05-27T22:15:07.128017,500.0,500.0,1.0,JPEG,RGB,108753,
C:\Users\USER\Documents\projects\maestria\POC\multimodal_DQ_analysis\data\images\archive\Immature\Immature_42.jpg,Immature_42.jpg,.jpg,image,SUCCESS,2026-05-27T22:15:07.128945,500.0,500.0,1.0,JPEG,RGB,112089,
C:\Users\USER\Documents\projects\maestria\POC\multimodal_DQ_analysis\data\images\archive\Immature\Immature_43.jpg,Immature_43.jpg,.jpg,image,SUCCESS,2026-05-27T22:15:07.129835,500.0,500.0,1.0,JPEG,RGB,111335,
C:\Users\USER\Documents\projects\maestria\POC\multimodal_DQ_analysis\data\images\archive\Immature\Immature_44.jpg,Immature_44.jpg,.jpg,image,SUCCESS,2026-05-27T22:15:07.130646,500.0,500.0,1.0,JPEG,RGB,107668,
C:\Users\USER\Documents\projects\maestria\POC\multimodal_DQ_analysis\data\images\archive\Immature\Immature_45.jpg,Immature_45.jpg,.jpg,image,SUCCESS,2026-05-27T22:15:07.131430,500.0,500.0,1.0,JPEG,RGB,102670,
C:\Users\USER\Documents\projects\maestria\POC\multimodal_DQ_analysis\data\images\archive\Immature\Immature_46.jpg,Immature_46.jpg,.jpg,image,SUCCESS,2026-05-27T22:15:07.132188,500.0,500.0,1.0,JPEG,RGB,92530,
C:\Users\USER\Documents\projects\maestria\POC\multimodal_DQ_analysis\data\images\archive\Immature\Immature_47.jpg,Immature_47.jpg,.jpg,image,SUCCESS,2026-05-27T22:15:07.132948,500.0,500.0,1.0,JPEG,RGB,90133,
C:\Users\USER\Documents\projects\maestria\POC\multimodal_DQ_analysis\data\images\archive\Immature\Immature_48.jpg,Immature_48.jpg,.jpg,image,SUCCESS,2026-05-27T22:15:07.133732,500.0,500.0,1.0,JPEG,RGB,92395,
C:\Users\USER\Documents\projects\maestria\POC\multimodal_DQ_analysis\data\images\archive\Immature\Immature_49.jpg,Immature_49.jpg,.jpg,image,SUCCESS,2026-05-27T22:15:07.134496,500.0,500.0,1.0,JPEG,RGB,97076,
C:\Users\USER\Documents\projects\maestria\POC\multimodal_DQ_analysis\data\images\archive\Immature\Immature_50.jpg,Immature_50.jpg,.jpg,image,SUCCESS,2026-05-27T22:15:07.135238,500.0,500.0,1.0,JPEG,RGB,95414,
C:\Users\USER\Documents\projects\maestria\POC\multimodal_DQ_analysis\data\images\archive\Immature\Immature_51.jpg,Immature_51.jpg,.jpg,image,SUCCESS,2026-05-27T22:15:07.135916,500.0,500.0,1.0,JPEG,RGB,95959,
C:\Users\USER\Documents\projects\maestria\POC\multimodal_DQ_analysis\data\images\archive\Immature\Immature_52.jpg,Immature_52.jpg,.jpg,image,SUCCESS,2026-05-27T22:15:07.136649,500.0,500.0,1.0,JPEG,RGB,91385,
C:\Users\USER\Documents\projects\maestria\POC\multimodal_DQ_analysis\data\images\archive\Immature\Immature_53.jpg,Immature_53.jpg,.jpg,image,SUCCESS,2026-05-27T22:15:07.137167,500.0,500.0,1.0,JPEG,RGB,90360,
C:\Users\USER\Documents\projects\maestria\POC\multimodal_DQ_analysis\data\images\archive\Immature\Immature_54.jpg,Immature_54.jpg,.jpg,image,SUCCESS,2026-05-27T22:15:07.137804,500.0,500.0,1.0,JPEG,RGB,90937,
C:\Users\USER\Documents\projects\maestria\POC\multimodal_DQ_analysis\data\images\archive\Immature\Immature_55.jpg,Immature_55.jpg,.jpg,image,SUCCESS,2026-05-27T22:15:07.138490,500.0,500.0,1.0,JPEG,RGB,91138,
C:\Users\USER\Documents\projects\maestria\POC\multimodal_DQ_analysis\data\images\archive\Immature\Immature_56.jpg,Immature_56.jpg,.jpg,image,SUCCESS,2026-05-27T22:15:07.139050,500.0,500.0,1.0,JPEG,RGB,88056,
C:\Users\USER\Documents\projects\maestria\POC\multimodal_DQ_analysis\data\images\archive\Immature\Immature_57.jpg,Immature_57.jpg,.jpg,image,SUCCESS,2026-05-27T22:15:07.139782,500.0,500.0,1.0,JPEG,RGB,91546,
C:\Users\USER\Documents\projects\maestria\POC\multimodal_DQ_analysis\data\images\archive\Immature\Immature_58.jpg,Immature_58.jpg,.jpg,image,SUCCESS,2026-05-27T22:15:07.140602,500.0,500.0,1.0,JPEG,RGB,92281,
C:\Users\USER\Documents\projects\maestria\POC\multimodal_DQ_analysis\data\images\archive\Immature\Immature_59.jpg,Immature_59.jpg,.jpg,image,SUCCESS,2026-05-27T22:15:07.141435,500.0,500.0,1.0,JPEG,RGB,87050,
C:\Users\USER\Documents\projects\maestria\POC\multimodal_DQ_analysis\data\images\archive\Immature\Immature_60.jpg,Immature_60.jpg,.jpg,image,SUCCESS,2026-05-27T22:15:07.142260,500.0,500.0,1.0,JPEG,RGB,88896,
C:\Users\USER\Documents\projects\maestria\POC\multimodal_DQ_analysis\data\images\archive\Immature\Immature_61.jpg,Immature_61.jpg,.jpg,image,SUCCESS,2026-05-27T22:15:07.143031,500.0,500.0,1.0,JPEG,RGB,94440,
C:\Users\USER\Documents\projects\maestria\POC\multimodal_DQ_analysis\data\images\archive\Immature\Immature_62.jpg,Immature_62.jpg,.jpg,image,SUCCESS,2026-05-27T22:15:07.143875,500.0,500.0,1.0,JPEG,RGB,94175,
C:\Users\USER\Documents\projects\maestria\POC\multimodal_DQ_analysis\data\images\archive\Immature\Immature_63.jpg,Immature_63.jpg,.jpg,image,SUCCESS,2026-05-27T22:15:07.144584,500.0,500.0,1.0,JPEG,RGB,90995,
C:\Users\USER\Documents\projects\maestria\POC\multimodal_DQ_analysis\data\images\archive\Immature\Immature_64.jpg,Immature_64.jpg,.jpg,image,SUCCESS,2026-05-27T22:15:07.145541,500.0,500.0,1.0,JPEG,RGB,86820,
C:\Users\USER\Documents\projects\maestria\POC\multimodal_DQ_analysis\data\images\archive\Immature\Immature_65.jpg,Immature_65.jpg,.jpg,image,SUCCESS,2026-05-27T22:15:07.146378,500.0,500.0,1.0,JPEG,RGB,90879,
C:\Users\USER\Documents\projects\maestria\POC\multimodal_DQ_analysis\data\images\archive\Immature\Immature_66.jpg,Immature_66.jpg,.jpg,image,SUCCESS,2026-05-27T22:15:07.147238,500.0,500.0,1.0,JPEG,RGB,89351,
C:\Users\USER\Documents\projects\maestria\POC\multimodal_DQ_analysis\data\images\archive\Immature\Immature_67.jpg,Immature_67.jpg,.jpg,image,SUCCESS,2026-05-27T22:15:07.148083,500.0,500.0,1.0,JPEG,RGB,86375,
C:\Users\USER\Documents\projects\maestria\POC\multimodal_DQ_analysis\data\images\archive\Immature\Immature_68.jpg,Immature_68.jpg,.jpg,image,SUCCESS,2026-05-27T22:15:07.148893,500.0,500.0,1.0,JPEG,RGB,87139,
C:\Users\USER\Documents\projects\maestria\POC\multimodal_DQ_analysis\data\images\archive\Immature\Immature_69.jpg,Immature_69.jpg,.jpg,image,SUCCESS,2026-05-27T22:15:07.149668,500.0,500.0,1.0,JPEG,RGB,86637,
C:\Users\USER\Documents\projects\maestria\POC\multimodal_DQ_analysis\data\images\archive\Immature\Immature_70.jpg,Immature_70.jpg,.jpg,image,SUCCESS,2026-05-27T22:15:07.150447,500.0,500.0,1.0,JPEG,RGB,98822,
C:\Users\USER\Documents\projects\maestria\POC\multimodal_DQ_analysis\data\images\archive\Immature\Immature_71.jpg,Immature_71.jpg,.jpg,image,SUCCESS,2026-05-27T22:15:07.151215,500.0,500.0,1.0,JPEG,RGB,86150,
C:\Users\USER\Documents\projects\maestria\POC\multimodal_DQ_analysis\data\images\archive\Immature\Immature_72.jpg,Immature_72.jpg,.jpg,image,SUCCESS,2026-05-27T22:15:07.151949,500.0,500.0,1.0,JPEG,RGB,90529,
C:\Users\USER\Documents\projects\maestria\POC\multimodal_DQ_analysis\data\images\archive\Immature\Immature_73.jpg,Immature_73.jpg,.jpg,image,SUCCESS,2026-05-27T22:15:07.152684,500.0,500.0,1.0,JPEG,RGB,93230,
C:\Users\USER\Documents\projects\maestria\POC\multimodal_DQ_analysis\data\images\archive\Immature\Immature_74.jpg,Immature_74.jpg,.jpg,image,SUCCESS,2026-05-27T22:15:07.153379,500.0,500.0,1.0,JPEG,RGB,99506,
C:\Users\USER\Documents\projects\maestria\POC\multimodal_DQ_analysis\data\images\archive\Immature\Immature_75.jpg,Immature_75.jpg,.jpg,image,SUCCESS,2026-05-27T22:15:07.154002,500.0,500.0,1.0,JPEG,RGB,87787,
C:\Users\USER\Documents\projects\maestria\POC\multimodal_DQ_analysis\data\images\archive\Immature\Immature_76.jpg,Immature_76.jpg,.jpg,image,SUCCESS,2026-05-27T22:15:07.154636,500.0,500.0,1.0,JPEG,RGB,93391,
C:\Users\USER\Documents\projects\maestria\POC\multimodal_DQ_analysis\data\images\archive\Immature\Immature_77.jpg,Immature_77.jpg,.jpg,image,SUCCESS,2026-05-27T22:15:07.155318,500.0,500.0,1.0,JPEG,RGB,96792,
C:\Users\USER\Documents\projects\maestria\POC\multimodal_DQ_analysis\data\images\archive\Immature\Immature_78.jpg,Immature_78.jpg,.jpg,image,SUCCESS,2026-05-27T22:15:07.156126,500.0,500.0,1.0,JPEG,RGB,88770,
C:\Users\USER\Documents\projects\maestria\POC\multimodal_DQ_analysis\data\images\archive\Parchment\Parchment_01.jpg,Parchment_01.jpg,.jpg,image,SUCCESS,2026-05-27T22:15:07.156791,500.0,500.0,1.0,JPEG,RGB,120114,
C:\Users\USER\Documents\projects\maestria\POC\multimodal_DQ_analysis\data\images\archive\Parchment\Parchment_02.jpg,Parchment_02.jpg,.jpg,image,SUCCESS,2026-05-27T22:15:07.157500,500.0,500.0,1.0,JPEG,RGB,110019,
C:\Users\USER\Documents\projects\maestria\POC\multimodal_DQ_analysis\data\images\archive\Parchment\Parchment_03.jpg,Parchment_03.jpg,.jpg,image,SUCCESS,2026-05-27T22:15:07.158513,500.0,500.0,1.0,JPEG,RGB,110244,
C:\Users\USER\Documents\projects\maestria\POC\multimodal_DQ_analysis\data\images\archive\Parchment\Parchment_04.jpg,Parchment_04.jpg,.jpg,image,SUCCESS,2026-05-27T22:15:07.159437,500.0,500.0,1.0,JPEG,RGB,97755,
C:\Users\USER\Documents\projects\maestria\POC\multimodal_DQ_analysis\data\images\archive\Parchment\Parchment_05.jpg,Parchment_05.jpg,.jpg,image,SUCCESS,2026-05-27T22:15:07.160163,500.0,500.0,1.0,JPEG,RGB,100169,
C:\Users\USER\Documents\projects\maestria\POC\multimodal_DQ_analysis\data\images\archive\Parchment\Parchment_06.jpg,Parchment_06.jpg,.jpg,image,SUCCESS,2026-05-27T22:15:07.160819,500.0,500.0,1.0,JPEG,RGB,106575,
C:\Users\USER\Documents\projects\maestria\POC\multimodal_DQ_analysis\data\images\archive\Parchment\Parchment_07.jpg,Parchment_07.jpg,.jpg,image,SUCCESS,2026-05-27T22:15:07.161403,500.0,500.0,1.0,JPEG,RGB,104811,
C:\Users\USER\Documents\projects\maestria\POC\multimodal_DQ_analysis\data\images\archive\Parchment\Parchment_08.jpg,Parchment_08.jpg,.jpg,image,SUCCESS,2026-05-27T22:15:07.161978,500.0,500.0,1.0,JPEG,RGB,103328,
C:\Users\USER\Documents\projects\maestria\POC\multimodal_DQ_analysis\data\images\archive\Parchment\Parchment_09.jpg,Parchment_09.jpg,.jpg,image,SUCCESS,2026-05-27T22:15:07.163000,500.0,500.0,1.0,JPEG,RGB,103154,
C:\Users\USER\Documents\projects\maestria\POC\multimodal_DQ_analysis\data\images\archive\Parchment\Parchment_10.jpg,Parchment_10.jpg,.jpg,image,SUCCESS,2026-05-27T22:15:07.163943,500.0,500.0,1.0,JPEG,RGB,96244,
C:\Users\USER\Documents\projects\maestria\POC\multimodal_DQ_analysis\data\images\archive\Parchment\Parchment_11.jpg,Parchment_11.jpg,.jpg,image,SUCCESS,2026-05-27T22:15:07.164929,500.0,500.0,1.0,JPEG,RGB,103788,
C:\Users\USER\Documents\projects\maestria\POC\multimodal_DQ_analysis\data\images\archive\Parchment\Parchment_12.jpg,Parchment_12.jpg,.jpg,image,SUCCESS,2026-05-27T22:15:07.166007,500.0,500.0,1.0,JPEG,RGB,111537,
C:\Users\USER\Documents\projects\maestria\POC\multimodal_DQ_analysis\data\images\archive\Parchment\Parchment_13.jpg,Parchment_13.jpg,.jpg,image,SUCCESS,2026-05-27T22:15:07.166820,500.0,500.0,1.0,JPEG,RGB,108720,
C:\Users\USER\Documents\projects\maestria\POC\multimodal_DQ_analysis\data\images\archive\Parchment\Parchment_14.jpg,Parchment_14.jpg,.jpg,image,SUCCESS,2026-05-27T22:15:07.167584,500.0,500.0,1.0,JPEG,RGB,102816,
C:\Users\USER\Documents\projects\maestria\POC\multimodal_DQ_analysis\data\images\archive\Parchment\Parchment_15.jpg,Parchment_15.jpg,.jpg,image,SUCCESS,2026-05-27T22:15:07.168323,500.0,500.0,1.0,JPEG,RGB,102753,
C:\Users\USER\Documents\projects\maestria\POC\multimodal_DQ_analysis\data\images\archive\Parchment\Parchment_16.jpg,Parchment_16.jpg,.jpg,image,SUCCESS,2026-05-27T22:15:07.169052,500.0,500.0,1.0,JPEG,RGB,104089,
C:\Users\USER\Documents\projects\maestria\POC\multimodal_DQ_analysis\data\images\archive\Parchment\Parchment_17.jpg,Parchment_17.jpg,.jpg,image,SUCCESS,2026-05-27T22:15:07.169728,500.0,500.0,1.0,JPEG,RGB,103335,
C:\Users\USER\Documents\projects\maestria\POC\multimodal_DQ_analysis\data\images\archive\Parchment\Parchment_18.jpg,Parchment_18.jpg,.jpg,image,SUCCESS,2026-05-27T22:15:07.170721,500.0,500.0,1.0,JPEG,RGB,95862,
C:\Users\USER\Documents\projects\maestria\POC\multimodal_DQ_analysis\data\images\archive\Parchment\Parchment_19.jpg,Parchment_19.jpg,.jpg,image,SUCCESS,2026-05-27T22:15:07.171546,500.0,500.0,1.0,JPEG,RGB,100234,
C:\Users\USER\Documents\projects\maestria\POC\multimodal_DQ_analysis\data\images\archive\Parchment\Parchment_20.jpg,Parchment_20.jpg,.jpg,image,SUCCESS,2026-05-27T22:15:07.172369,500.0,500.0,1.0,JPEG,RGB,88064,
C:\Users\USER\Documents\projects\maestria\POC\multimodal_DQ_analysis\data\images\archive\Parchment\Parchment_21.jpg,Parchment_21.jpg,.jpg,image,SUCCESS,2026-05-27T22:15:07.173173,500.0,500.0,1.0,JPEG,RGB,86685,
C:\Users\USER\Documents\projects\maestria\POC\multimodal_DQ_analysis\data\images\archive\Parchment\Parchment_22.jpg,Parchment_22.jpg,.jpg,image,SUCCESS,2026-05-27T22:15:07.173947,500.0,500.0,1.0,JPEG,RGB,99704,
C:\Users\USER\Documents\projects\maestria\POC\multimodal_DQ_analysis\data\images\archive\Parchment\Parchment_23.jpg,Parchment_23.jpg,.jpg,image,SUCCESS,2026-05-27T22:15:07.174950,500.0,500.0,1.0,JPEG,RGB,95367,
C:\Users\USER\Documents\projects\maestria\POC\multimodal_DQ_analysis\data\images\archive\Parchment\Parchment_24.jpg,Parchment_24.jpg,.jpg,image,SUCCESS,2026-05-27T22:15:07.175896,500.0,500.0,1.0,JPEG,RGB,106522,
C:\Users\USER\Documents\projects\maestria\POC\multimodal_DQ_analysis\data\images\archive\Parchment\Parchment_25.jpg,Parchment_25.jpg,.jpg,image,SUCCESS,2026-05-27T22:15:07.176809,500.0,500.0,1.0,JPEG,RGB,101812,
C:\Users\USER\Documents\projects\maestria\POC\multimodal_DQ_analysis\data\images\archive\Parchment\Parchment_26.jpg,Parchment_26.jpg,.jpg,image,SUCCESS,2026-05-27T22:15:07.177580,500.0,500.0,1.0,JPEG,RGB,99114,
C:\Users\USER\Documents\projects\maestria\POC\multimodal_DQ_analysis\data\images\archive\Parchment\Parchment_27.jpg,Parchment_27.jpg,.jpg,image,SUCCESS,2026-05-27T22:15:07.178367,500.0,500.0,1.0,JPEG,RGB,95230,
C:\Users\USER\Documents\projects\maestria\POC\multimodal_DQ_analysis\data\images\archive\Parchment\Parchment_28.jpg,Parchment_28.jpg,.jpg,image,SUCCESS,2026-05-27T22:15:07.179088,500.0,500.0,1.0,JPEG,RGB,97385,
C:\Users\USER\Documents\projects\maestria\POC\multimodal_DQ_analysis\data\images\archive\Parchment\Parchment_29.jpg,Parchment_29.jpg,.jpg,image,SUCCESS,2026-05-27T22:15:07.179810,500.0,500.0,1.0,JPEG,RGB,101273,
C:\Users\USER\Documents\projects\maestria\POC\multimodal_DQ_analysis\data\images\archive\Parchment\Parchment_30.jpg,Parchment_30.jpg,.jpg,image,SUCCESS,2026-05-27T22:15:07.180548,500.0,500.0,1.0,JPEG,RGB,98738,
C:\Users\USER\Documents\projects\maestria\POC\multimodal_DQ_analysis\data\images\archive\Parchment\Parchment_31.jpg,Parchment_31.jpg,.jpg,image,SUCCESS,2026-05-27T22:15:07.181268,500.0,500.0,1.0,JPEG,RGB,82137,
C:\Users\USER\Documents\projects\maestria\POC\multimodal_DQ_analysis\data\images\archive\Parchment\Parchment_32.jpg,Parchment_32.jpg,.jpg,image,SUCCESS,2026-05-27T22:15:07.181983,500.0,500.0,1.0,JPEG,RGB,83642,
C:\Users\USER\Documents\projects\maestria\POC\multimodal_DQ_analysis\data\images\archive\Parchment\Parchment_33.jpg,Parchment_33.jpg,.jpg,image,SUCCESS,2026-05-27T22:15:07.182689,500.0,500.0,1.0,JPEG,RGB,75804,
C:\Users\USER\Documents\projects\maestria\POC\multimodal_DQ_analysis\data\images\archive\Parchment\Parchment_34.jpg,Parchment_34.jpg,.jpg,image,SUCCESS,2026-05-27T22:15:07.183420,500.0,500.0,1.0,JPEG,RGB,88913,
C:\Users\USER\Documents\projects\maestria\POC\multimodal_DQ_analysis\data\images\archive\Parchment\Parchment_35.jpg,Parchment_35.jpg,.jpg,image,SUCCESS,2026-05-27T22:15:07.184165,500.0,500.0,1.0,JPEG,RGB,112568,
C:\Users\USER\Documents\projects\maestria\POC\multimodal_DQ_analysis\data\images\archive\Parchment\Parchment_36.jpg,Parchment_36.jpg,.jpg,image,SUCCESS,2026-05-27T22:15:07.184896,500.0,500.0,1.0,JPEG,RGB,85921,
C:\Users\USER\Documents\projects\maestria\POC\multimodal_DQ_analysis\data\images\archive\Parchment\Parchment_37.jpg,Parchment_37.jpg,.jpg,image,SUCCESS,2026-05-27T22:15:07.185618,500.0,500.0,1.0,JPEG,RGB,100526,
C:\Users\USER\Documents\projects\maestria\POC\multimodal_DQ_analysis\data\images\archive\Parchment\Parchment_38.jpg,Parchment_38.jpg,.jpg,image,SUCCESS,2026-05-27T22:15:07.186347,500.0,500.0,1.0,JPEG,RGB,98552,
C:\Users\USER\Documents\projects\maestria\POC\multimodal_DQ_analysis\data\images\archive\Parchment\Parchment_39.jpg,Parchment_39.jpg,.jpg,image,SUCCESS,2026-05-27T22:15:07.187355,500.0,500.0,1.0,JPEG,RGB,79087,
C:\Users\USER\Documents\projects\maestria\POC\multimodal_DQ_analysis\data\images\archive\Parchment\Parchment_40.jpg,Parchment_40.jpg,.jpg,image,SUCCESS,2026-05-27T22:15:07.188158,500.0,500.0,1.0,JPEG,RGB,75223,
C:\Users\USER\Documents\projects\maestria\POC\multimodal_DQ_analysis\data\images\archive\Parchment\Parchment_41.jpg,Parchment_41.jpg,.jpg,image,SUCCESS,2026-05-27T22:15:07.188873,500.0,500.0,1.0,JPEG,RGB,82787,
C:\Users\USER\Documents\projects\maestria\POC\multimodal_DQ_analysis\data\images\archive\Parchment\Parchment_42.jpg,Parchment_42.jpg,.jpg,image,SUCCESS,2026-05-27T22:15:07.189712,500.0,500.0,1.0,JPEG,RGB,83917,
C:\Users\USER\Documents\projects\maestria\POC\multimodal_DQ_analysis\data\images\archive\Parchment\Parchment_43.jpg,Parchment_43.jpg,.jpg,image,SUCCESS,2026-05-27T22:15:07.190792,500.0,500.0,1.0,JPEG,RGB,77913,
C:\Users\USER\Documents\projects\maestria\POC\multimodal_DQ_analysis\data\images\archive\Parchment\Parchment_44.jpg,Parchment_44.jpg,.jpg,image,SUCCESS,2026-05-27T22:15:07.191592,500.0,500.0,1.0,JPEG,RGB,82706,
C:\Users\USER\Documents\projects\maestria\POC\multimodal_DQ_analysis\data\images\archive\Parchment\Parchment_45.jpg,Parchment_45.jpg,.jpg,image,SUCCESS,2026-05-27T22:15:07.192279,500.0,500.0,1.0,JPEG,RGB,82369,
C:\Users\USER\Documents\projects\maestria\POC\multimodal_DQ_analysis\data\images\archive\Parchment\Parchment_46.jpg,Parchment_46.jpg,.jpg,image,SUCCESS,2026-05-27T22:15:07.193263,500.0,500.0,1.0,JPEG,RGB,107182,
C:\Users\USER\Documents\projects\maestria\POC\multimodal_DQ_analysis\data\images\archive\Parchment\Parchment_47.jpg,Parchment_47.jpg,.jpg,image,SUCCESS,2026-05-27T22:15:07.194159,500.0,500.0,1.0,JPEG,RGB,101754,
C:\Users\USER\Documents\projects\maestria\POC\multimodal_DQ_analysis\data\images\archive\Parchment\Parchment_48.jpg,Parchment_48.jpg,.jpg,image,SUCCESS,2026-05-27T22:15:07.194901,500.0,500.0,1.0,JPEG,RGB,100231,
C:\Users\USER\Documents\projects\maestria\POC\multimodal_DQ_analysis\data\images\archive\Parchment\Parchment_49.jpg,Parchment_49.jpg,.jpg,image,SUCCESS,2026-05-27T22:15:07.195616,500.0,500.0,1.0,JPEG,RGB,83248,
C:\Users\USER\Documents\projects\maestria\POC\multimodal_DQ_analysis\data\images\archive\Parchment\Parchment_50.jpg,Parchment_50.jpg,.jpg,image,SUCCESS,2026-05-27T22:15:07.196469,500.0,500.0,1.0,JPEG,RGB,77124,
C:\Users\USER\Documents\projects\maestria\POC\multimodal_DQ_analysis\data\images\archive\Parchment\Parchment_51.jpg,Parchment_51.jpg,.jpg,image,SUCCESS,2026-05-27T22:15:07.197177,500.0,500.0,1.0,JPEG,RGB,107780,
C:\Users\USER\Documents\projects\maestria\POC\multimodal_DQ_analysis\data\images\archive\Parchment\Parchment_52.jpg,Parchment_52.jpg,.jpg,image,SUCCESS,2026-05-27T22:15:07.197886,500.0,500.0,1.0,JPEG,RGB,103811,
C:\Users\USER\Documents\projects\maestria\POC\multimodal_DQ_analysis\data\images\archive\Parchment\Parchment_53.jpg,Parchment_53.jpg,.jpg,image,SUCCESS,2026-05-27T22:15:07.198601,500.0,500.0,1.0,JPEG,RGB,99158,
C:\Users\USER\Documents\projects\maestria\POC\multimodal_DQ_analysis\data\images\archive\Parchment\Parchment_54.jpg,Parchment_54.jpg,.jpg,image,SUCCESS,2026-05-27T22:15:07.199311,500.0,500.0,1.0,JPEG,RGB,109101,
C:\Users\USER\Documents\projects\maestria\POC\multimodal_DQ_analysis\data\images\archive\Partial Black\Partial Black_01.jpg,Partial Black_01.jpg,.jpg,image,SUCCESS,2026-05-27T22:15:07.199951,500.0,500.0,1.0,JPEG,RGB,18422,
C:\Users\USER\Documents\projects\maestria\POC\multimodal_DQ_analysis\data\images\archive\Partial Black\Partial Black_02.jpg,Partial Black_02.jpg,.jpg,image,SUCCESS,2026-05-27T22:15:07.200657,500.0,500.0,1.0,JPEG,RGB,105156,
C:\Users\USER\Documents\projects\maestria\POC\multimodal_DQ_analysis\data\images\archive\Partial Black\Partial Black_03.jpg,Partial Black_03.jpg,.jpg,image,SUCCESS,2026-05-27T22:15:07.201376,500.0,500.0,1.0,JPEG,RGB,102106,
C:\Users\USER\Documents\projects\maestria\POC\multimodal_DQ_analysis\data\images\archive\Partial Black\Partial Black_04.jpg,Partial Black_04.jpg,.jpg,image,SUCCESS,2026-05-27T22:15:07.202046,500.0,500.0,1.0,JPEG,RGB,21812,
C:\Users\USER\Documents\projects\maestria\POC\multimodal_DQ_analysis\data\images\archive\Partial Black\Partial Black_05.jpg,Partial Black_05.jpg,.jpg,image,SUCCESS,2026-05-27T22:15:07.202703,500.0,500.0,1.0,JPEG,RGB,21624,
C:\Users\USER\Documents\projects\maestria\POC\multimodal_DQ_analysis\data\images\archive\Partial Black\Partial Black_06.jpg,Partial Black_06.jpg,.jpg,image,SUCCESS,2026-05-27T22:15:07.203525,500.0,500.0,1.0,JPEG,RGB,110911,
C:\Users\USER\Documents\projects\maestria\POC\multimodal_DQ_analysis\data\images\archive\Partial Black\Partial Black_07.jpg,Partial Black_07.jpg,.jpg,image,SUCCESS,2026-05-27T22:15:07.204355,500.0,500.0,1.0,JPEG,RGB,19896,
C:\Users\USER\Documents\projects\maestria\POC\multimodal_DQ_analysis\data\images\archive\Partial Black\Partial Black_08.jpg,Partial Black_08.jpg,.jpg,image,SUCCESS,2026-05-27T22:15:07.204915,500.0,500.0,1.0,JPEG,RGB,20892,
C:\Users\USER\Documents\projects\maestria\POC\multimodal_DQ_analysis\data\images\archive\Partial Black\Partial Black_09.jpg,Partial Black_09.jpg,.jpg,image,SUCCESS,2026-05-27T22:15:07.205772,500.0,500.0,1.0,JPEG,RGB,21499,
C:\Users\USER\Documents\projects\maestria\POC\multimodal_DQ_analysis\data\images\archive\Partial Black\Partial Black_10.jpg,Partial Black_10.jpg,.jpg,image,SUCCESS,2026-05-27T22:15:07.207571,500.0,500.0,1.0,JPEG,RGB,105235,
C:\Users\USER\Documents\projects\maestria\POC\multimodal_DQ_analysis\data\images\archive\Partial Black\Partial Black_11.jpg,Partial Black_11.jpg,.jpg,image,SUCCESS,2026-05-27T22:15:07.208295,500.0,500.0,1.0,JPEG,RGB,24030,
C:\Users\USER\Documents\projects\maestria\POC\multimodal_DQ_analysis\data\images\archive\Partial Black\Partial Black_12.jpg,Partial Black_12.jpg,.jpg,image,SUCCESS,2026-05-27T22:15:07.209123,500.0,500.0,1.0,JPEG,RGB,108128,
C:\Users\USER\Documents\projects\maestria\POC\multimodal_DQ_analysis\data\images\archive\Partial Black\Partial Black_13.jpg,Partial Black_13.jpg,.jpg,image,SUCCESS,2026-05-27T22:15:07.210046,500.0,500.0,1.0,JPEG,RGB,110249,
C:\Users\USER\Documents\projects\maestria\POC\multimodal_DQ_analysis\data\images\archive\Partial Black\Partial Black_14.jpg,Partial Black_14.jpg,.jpg,image,SUCCESS,2026-05-27T22:15:07.210702,500.0,500.0,1.0,JPEG,RGB,21301,
C:\Users\USER\Documents\projects\maestria\POC\multimodal_DQ_analysis\data\images\archive\Partial Black\Partial Black_15.jpg,Partial Black_15.jpg,.jpg,image,SUCCESS,2026-05-27T22:15:07.211344,501.0,501.0,1.0,JPEG,RGB,20776,
C:\Users\USER\Documents\projects\maestria\POC\multimodal_DQ_analysis\data\images\archive\Partial Black\Partial Black_16.jpg,Partial Black_16.jpg,.jpg,image,SUCCESS,2026-05-27T22:15:07.212107,500.0,500.0,1.0,JPEG,RGB,116991,
C:\Users\USER\Documents\projects\maestria\POC\multimodal_DQ_analysis\data\images\archive\Partial Black\Partial Black_17.jpg,Partial Black_17.jpg,.jpg,image,SUCCESS,2026-05-27T22:15:07.212882,500.0,500.0,1.0,JPEG,RGB,111061,
C:\Users\USER\Documents\projects\maestria\POC\multimodal_DQ_analysis\data\images\archive\Partial Black\Partial Black_18.jpg,Partial Black_18.jpg,.jpg,image,SUCCESS,2026-05-27T22:15:07.213653,500.0,500.0,1.0,JPEG,RGB,113529,
C:\Users\USER\Documents\projects\maestria\POC\multimodal_DQ_analysis\data\images\archive\Partial Black\Partial Black_19.jpg,Partial Black_19.jpg,.jpg,image,SUCCESS,2026-05-27T22:15:07.214276,500.0,500.0,1.0,JPEG,RGB,20238,
C:\Users\USER\Documents\projects\maestria\POC\multimodal_DQ_analysis\data\images\archive\Partial Black\Partial Black_20.jpg,Partial Black_20.jpg,.jpg,image,SUCCESS,2026-05-27T22:15:07.215037,500.0,500.0,1.0,JPEG,RGB,18892,
C:\Users\USER\Documents\projects\maestria\POC\multimodal_DQ_analysis\data\images\archive\Partial Black\Partial Black_21.jpg,Partial Black_21.jpg,.jpg,image,SUCCESS,2026-05-27T22:15:07.215846,500.0,500.0,1.0,JPEG,RGB,94619,
C:\Users\USER\Documents\projects\maestria\POC\multimodal_DQ_analysis\data\images\archive\Partial Black\Partial Black_22.jpg,Partial Black_22.jpg,.jpg,image,SUCCESS,2026-05-27T22:15:07.216631,500.0,500.0,1.0,JPEG,RGB,98699,
C:\Users\USER\Documents\projects\maestria\POC\multimodal_DQ_analysis\data\images\archive\Partial Black\Partial Black_23.jpg,Partial Black_23.jpg,.jpg,image,SUCCESS,2026-05-27T22:15:07.217399,500.0,500.0,1.0,JPEG,RGB,99507,
C:\Users\USER\Documents\projects\maestria\POC\multimodal_DQ_analysis\data\images\archive\Partial Black\Partial Black_24.jpg,Partial Black_24.jpg,.jpg,image,SUCCESS,2026-05-27T22:15:07.218292,500.0,500.0,1.0,JPEG,RGB,99060,
C:\Users\USER\Documents\projects\maestria\POC\multimodal_DQ_analysis\data\images\archive\Partial Black\Partial Black_25.jpg,Partial Black_25.jpg,.jpg,image,SUCCESS,2026-05-27T22:15:07.219070,500.0,500.0,1.0,JPEG,RGB,116310,
C:\Users\USER\Documents\projects\maestria\POC\multimodal_DQ_analysis\data\images\archive\Partial Black\Partial Black_26.jpg,Partial Black_26.jpg,.jpg,image,SUCCESS,2026-05-27T22:15:07.219830,500.0,500.0,1.0,JPEG,RGB,105130,
C:\Users\USER\Documents\projects\maestria\POC\multimodal_DQ_analysis\data\images\archive\Partial Black\Partial Black_27.jpg,Partial Black_27.jpg,.jpg,image,SUCCESS,2026-05-27T22:15:07.220698,500.0,500.0,1.0,JPEG,RGB,95974,
C:\Users\USER\Documents\projects\maestria\POC\multimodal_DQ_analysis\data\images\archive\Partial Black\Partial Black_28.jpg,Partial Black_28.jpg,.jpg,image,SUCCESS,2026-05-27T22:15:07.221656,500.0,500.0,1.0,JPEG,RGB,102802,
C:\Users\USER\Documents\projects\maestria\POC\multimodal_DQ_analysis\data\images\archive\Partial Black\Partial Black_29.jpg,Partial Black_29.jpg,.jpg,image,SUCCESS,2026-05-27T22:15:07.222396,500.0,500.0,1.0,JPEG,RGB,103228,
C:\Users\USER\Documents\projects\maestria\POC\multimodal_DQ_analysis\data\images\archive\Partial Black\Partial Black_30.jpg,Partial Black_30.jpg,.jpg,image,SUCCESS,2026-05-27T22:15:07.223192,500.0,500.0,1.0,JPEG,RGB,19749,
C:\Users\USER\Documents\projects\maestria\POC\multimodal_DQ_analysis\data\images\archive\Partial Black\Partial Black_31.jpg,Partial Black_31.jpg,.jpg,image,SUCCESS,2026-05-27T22:15:07.224222,500.0,500.0,1.0,JPEG,RGB,97480,
C:\Users\USER\Documents\projects\maestria\POC\multimodal_DQ_analysis\data\images\archive\Partial Black\Partial Black_32.jpg,Partial Black_32.jpg,.jpg,image,SUCCESS,2026-05-27T22:15:07.224910,500.0,500.0,1.0,JPEG,RGB,21407,
C:\Users\USER\Documents\projects\maestria\POC\multimodal_DQ_analysis\data\images\archive\Partial Black\Partial Black_33.jpg,Partial Black_33.jpg,.jpg,image,SUCCESS,2026-05-27T22:15:07.225632,500.0,500.0,1.0,JPEG,RGB,22197,
C:\Users\USER\Documents\projects\maestria\POC\multimodal_DQ_analysis\data\images\archive\Partial Black\Partial Black_34.jpg,Partial Black_34.jpg,.jpg,image,SUCCESS,2026-05-27T22:15:07.226283,500.0,500.0,1.0,JPEG,RGB,21628,
C:\Users\USER\Documents\projects\maestria\POC\multimodal_DQ_analysis\data\images\archive\Partial Black\Partial Black_35.jpg,Partial Black_35.jpg,.jpg,image,SUCCESS,2026-05-27T22:15:07.227086,500.0,500.0,1.0,JPEG,RGB,22960,
C:\Users\USER\Documents\projects\maestria\POC\multimodal_DQ_analysis\data\images\archive\Partial Black\Partial Black_36.jpg,Partial Black_36.jpg,.jpg,image,SUCCESS,2026-05-27T22:15:07.227836,500.0,500.0,1.0,JPEG,RGB,112056,
C:\Users\USER\Documents\projects\maestria\POC\multimodal_DQ_analysis\data\images\archive\Partial Black\Partial Black_37.jpg,Partial Black_37.jpg,.jpg,image,SUCCESS,2026-05-27T22:15:07.228555,500.0,500.0,1.0,JPEG,RGB,21019,
C:\Users\USER\Documents\projects\maestria\POC\multimodal_DQ_analysis\data\images\archive\Partial Black\Partial Black_38.jpg,Partial Black_38.jpg,.jpg,image,SUCCESS,2026-05-27T22:15:07.229452,500.0,500.0,1.0,JPEG,RGB,106914,
C:\Users\USER\Documents\projects\maestria\POC\multimodal_DQ_analysis\data\images\archive\Partial Black\Partial Black_39.jpg,Partial Black_39.jpg,.jpg,image,SUCCESS,2026-05-27T22:15:07.230139,499.0,499.0,1.0,JPEG,RGB,21717,
C:\Users\USER\Documents\projects\maestria\POC\multimodal_DQ_analysis\data\images\archive\Partial Black\Partial Black_40.jpg,Partial Black_40.jpg,.jpg,image,SUCCESS,2026-05-27T22:15:07.230783,500.0,500.0,1.0,JPEG,RGB,20168,
C:\Users\USER\Documents\projects\maestria\POC\multimodal_DQ_analysis\data\images\archive\Partial Black\Partial Black_41.jpg,Partial Black_41.jpg,.jpg,image,SUCCESS,2026-05-27T22:15:07.231386,500.0,500.0,1.0,JPEG,RGB,20596,
C:\Users\USER\Documents\projects\maestria\POC\multimodal_DQ_analysis\data\images\archive\Partial Black\Partial Black_42.jpg,Partial Black_42.jpg,.jpg,image,SUCCESS,2026-05-27T22:15:07.232028,500.0,500.0,1.0,JPEG,RGB,21416,
C:\Users\USER\Documents\projects\maestria\POC\multimodal_DQ_analysis\data\images\archive\Partial Black\Partial Black_43.jpg,Partial Black_43.jpg,.jpg,image,SUCCESS,2026-05-27T22:15:07.232717,500.0,500.0,1.0,JPEG,RGB,21082,
C:\Users\USER\Documents\projects\maestria\POC\multimodal_DQ_analysis\data\images\archive\Partial Black\Partial Black_44.jpg,Partial Black_44.jpg,.jpg,image,SUCCESS,2026-05-27T22:15:07.233426,500.0,500.0,1.0,JPEG,RGB,19906,
C:\Users\USER\Documents\projects\maestria\POC\multimodal_DQ_analysis\data\images\archive\Partial Black\Partial Black_45.jpg,Partial Black_45.jpg,.jpg,image,SUCCESS,2026-05-27T22:15:07.234078,500.0,500.0,1.0,JPEG,RGB,20640,
C:\Users\USER\Documents\projects\maestria\POC\multimodal_DQ_analysis\data\images\archive\Partial Black\Partial Black_46.jpg,Partial Black_46.jpg,.jpg,image,SUCCESS,2026-05-27T22:15:07.234747,500.0,500.0,1.0,JPEG,RGB,21133,
C:\Users\USER\Documents\projects\maestria\POC\multimodal_DQ_analysis\data\images\archive\Partial Black\Partial Black_47.jpg,Partial Black_47.jpg,.jpg,image,SUCCESS,2026-05-27T22:15:07.235509,500.0,500.0,1.0,JPEG,RGB,110763,
C:\Users\USER\Documents\projects\maestria\POC\multimodal_DQ_analysis\data\images\archive\Partial Black\Partial Black_48.jpg,Partial Black_48.jpg,.jpg,image,SUCCESS,2026-05-27T22:15:07.236139,500.0,500.0,1.0,JPEG,RGB,19965,
C:\Users\USER\Documents\projects\maestria\POC\multimodal_DQ_analysis\data\images\archive\Partial Black\Partial Black_49.jpg,Partial Black_49.jpg,.jpg,image,SUCCESS,2026-05-27T22:15:07.237108,500.0,500.0,1.0,JPEG,RGB,22341,
C:\Users\USER\Documents\projects\maestria\POC\multimodal_DQ_analysis\data\images\archive\Partial Black\Partial Black_50.jpg,Partial Black_50.jpg,.jpg,image,SUCCESS,2026-05-27T22:15:07.238026,500.0,500.0,1.0,JPEG,RGB,23313,
C:\Users\USER\Documents\projects\maestria\POC\multimodal_DQ_analysis\data\images\archive\Partial Black\Partial Black_51.jpg,Partial Black_51.jpg,.jpg,image,SUCCESS,2026-05-27T22:15:07.238935,500.0,500.0,1.0,JPEG,RGB,118929,
C:\Users\USER\Documents\projects\maestria\POC\multimodal_DQ_analysis\data\images\archive\Partial Black\Partial Black_52.jpg,Partial Black_52.jpg,.jpg,image,SUCCESS,2026-05-27T22:15:07.239560,500.0,500.0,1.0,JPEG,RGB,23838,
C:\Users\USER\Documents\projects\maestria\POC\multimodal_DQ_analysis\data\images\archive\Partial Black\Partial Black_53.jpg,Partial Black_53.jpg,.jpg,image,SUCCESS,2026-05-27T22:15:07.240309,500.0,500.0,1.0,JPEG,RGB,22170,
C:\Users\USER\Documents\projects\maestria\POC\multimodal_DQ_analysis\data\images\archive\Partial Black\Partial Black_54.jpg,Partial Black_54.jpg,.jpg,image,SUCCESS,2026-05-27T22:15:07.241002,500.0,500.0,1.0,JPEG,RGB,22584,
C:\Users\USER\Documents\projects\maestria\POC\multimodal_DQ_analysis\data\images\archive\Partial Black\Partial Black_55.jpg,Partial Black_55.jpg,.jpg,image,SUCCESS,2026-05-27T22:15:07.241625,500.0,500.0,1.0,JPEG,RGB,19665,
C:\Users\USER\Documents\projects\maestria\POC\multimodal_DQ_analysis\data\images\archive\Partial Black\Partial Black_56.jpg,Partial Black_56.jpg,.jpg,image,SUCCESS,2026-05-27T22:15:07.242312,500.0,500.0,1.0,JPEG,RGB,20079,
C:\Users\USER\Documents\projects\maestria\POC\multimodal_DQ_analysis\data\images\archive\Partial Black\Partial Black_57.jpg,Partial Black_57.jpg,.jpg,image,SUCCESS,2026-05-27T22:15:07.242966,500.0,500.0,1.0,JPEG,RGB,19277,
C:\Users\USER\Documents\projects\maestria\POC\multimodal_DQ_analysis\data\images\archive\Partial Black\Partial Black_58.jpg,Partial Black_58.jpg,.jpg,image,SUCCESS,2026-05-27T22:15:07.243737,500.0,500.0,1.0,JPEG,RGB,19379,
C:\Users\USER\Documents\projects\maestria\POC\multimodal_DQ_analysis\data\images\archive\Partial Black\Partial Black_59.jpg,Partial Black_59.jpg,.jpg,image,SUCCESS,2026-05-27T22:15:07.244636,500.0,500.0,1.0,JPEG,RGB,113514,
C:\Users\USER\Documents\projects\maestria\POC\multimodal_DQ_analysis\data\images\archive\Partial Black\Partial Black_60.jpg,Partial Black_60.jpg,.jpg,image,SUCCESS,2026-05-27T22:15:07.245299,500.0,500.0,1.0,JPEG,RGB,20935,
C:\Users\USER\Documents\projects\maestria\POC\multimodal_DQ_analysis\data\images\archive\Partial Black\Partial Black_61.jpg,Partial Black_61.jpg,.jpg,image,SUCCESS,2026-05-27T22:15:07.245988,500.0,500.0,1.0,JPEG,RGB,19237,
C:\Users\USER\Documents\projects\maestria\POC\multimodal_DQ_analysis\data\images\archive\Partial Black\Partial Black_62.jpg,Partial Black_62.jpg,.jpg,image,SUCCESS,2026-05-27T22:15:07.246712,500.0,500.0,1.0,JPEG,RGB,19946,
C:\Users\USER\Documents\projects\maestria\POC\multimodal_DQ_analysis\data\images\archive\Partial Black\Partial Black_63.jpg,Partial Black_63.jpg,.jpg,image,SUCCESS,2026-05-27T22:15:07.247375,500.0,500.0,1.0,JPEG,RGB,20457,
C:\Users\USER\Documents\projects\maestria\POC\multimodal_DQ_analysis\data\images\archive\Partial Black\Partial Black_64.jpg,Partial Black_64.jpg,.jpg,image,SUCCESS,2026-05-27T22:15:07.248085,500.0,500.0,1.0,JPEG,RGB,18962,
C:\Users\USER\Documents\projects\maestria\POC\multimodal_DQ_analysis\data\images\archive\Partial Black\Partial Black_65.jpg,Partial Black_65.jpg,.jpg,image,SUCCESS,2026-05-27T22:15:07.248856,500.0,500.0,1.0,JPEG,RGB,97432,
C:\Users\USER\Documents\projects\maestria\POC\multimodal_DQ_analysis\data\images\archive\Partial Sour\Partial Sour_01.jpg,Partial Sour_01.jpg,.jpg,image,SUCCESS,2026-05-27T22:15:07.249609,500.0,500.0,1.0,JPEG,RGB,94834,
C:\Users\USER\Documents\projects\maestria\POC\multimodal_DQ_analysis\data\images\archive\Partial Sour\Partial Sour_02.jpg,Partial Sour_02.jpg,.jpg,image,SUCCESS,2026-05-27T22:15:07.250367,500.0,500.0,1.0,JPEG,RGB,96284,
C:\Users\USER\Documents\projects\maestria\POC\multimodal_DQ_analysis\data\images\archive\Partial Sour\Partial Sour_03.jpg,Partial Sour_03.jpg,.jpg,image,SUCCESS,2026-05-27T22:15:07.251110,500.0,500.0,1.0,JPEG,RGB,95454,
C:\Users\USER\Documents\projects\maestria\POC\multimodal_DQ_analysis\data\images\archive\Partial Sour\Partial Sour_04.jpg,Partial Sour_04.jpg,.jpg,image,SUCCESS,2026-05-27T22:15:07.251852,500.0,500.0,1.0,JPEG,RGB,106680,
C:\Users\USER\Documents\projects\maestria\POC\multimodal_DQ_analysis\data\images\archive\Partial Sour\Partial Sour_05.jpg,Partial Sour_05.jpg,.jpg,image,SUCCESS,2026-05-27T22:15:07.252734,500.0,500.0,1.0,JPEG,RGB,100104,
C:\Users\USER\Documents\projects\maestria\POC\multimodal_DQ_analysis\data\images\archive\Partial Sour\Partial Sour_06.jpg,Partial Sour_06.jpg,.jpg,image,SUCCESS,2026-05-27T22:15:07.253797,500.0,500.0,1.0,JPEG,RGB,89283,
C:\Users\USER\Documents\projects\maestria\POC\multimodal_DQ_analysis\data\images\archive\Partial Sour\Partial Sour_07.jpg,Partial Sour_07.jpg,.jpg,image,SUCCESS,2026-05-27T22:15:07.254528,500.0,500.0,1.0,JPEG,RGB,94749,
C:\Users\USER\Documents\projects\maestria\POC\multimodal_DQ_analysis\data\images\archive\Partial Sour\Partial Sour_08.jpg,Partial Sour_08.jpg,.jpg,image,SUCCESS,2026-05-27T22:15:07.255376,500.0,500.0,1.0,JPEG,RGB,21783,
C:\Users\USER\Documents\projects\maestria\POC\multimodal_DQ_analysis\data\images\archive\Partial Sour\Partial Sour_09.jpg,Partial Sour_09.jpg,.jpg,image,SUCCESS,2026-05-27T22:15:07.256135,500.0,500.0,1.0,JPEG,RGB,97544,
C:\Users\USER\Documents\projects\maestria\POC\multimodal_DQ_analysis\data\images\archive\Partial Sour\Partial Sour_10.jpg,Partial Sour_10.jpg,.jpg,image,SUCCESS,2026-05-27T22:15:07.257198,500.0,500.0,1.0,JPEG,RGB,93891,
C:\Users\USER\Documents\projects\maestria\POC\multimodal_DQ_analysis\data\images\archive\Partial Sour\Partial Sour_11.jpg,Partial Sour_11.jpg,.jpg,image,SUCCESS,2026-05-27T22:15:07.258032,500.0,500.0,1.0,JPEG,RGB,97334,
C:\Users\USER\Documents\projects\maestria\POC\multimodal_DQ_analysis\data\images\archive\Partial Sour\Partial Sour_12.jpg,Partial Sour_12.jpg,.jpg,image,SUCCESS,2026-05-27T22:15:07.258846,500.0,500.0,1.0,JPEG,RGB,102291,
C:\Users\USER\Documents\projects\maestria\POC\multimodal_DQ_analysis\data\images\archive\Partial Sour\Partial Sour_13.jpg,Partial Sour_13.jpg,.jpg,image,SUCCESS,2026-05-27T22:15:07.259735,500.0,500.0,1.0,JPEG,RGB,91372,
C:\Users\USER\Documents\projects\maestria\POC\multimodal_DQ_analysis\data\images\archive\Partial Sour\Partial Sour_14.jpg,Partial Sour_14.jpg,.jpg,image,SUCCESS,2026-05-27T22:15:07.260386,500.0,500.0,1.0,JPEG,RGB,20588,
C:\Users\USER\Documents\projects\maestria\POC\multimodal_DQ_analysis\data\images\archive\Partial Sour\Partial Sour_15.jpg,Partial Sour_15.jpg,.jpg,image,SUCCESS,2026-05-27T22:15:07.261015,500.0,500.0,1.0,JPEG,RGB,18298,
C:\Users\USER\Documents\projects\maestria\POC\multimodal_DQ_analysis\data\images\archive\Partial Sour\Partial Sour_16.jpg,Partial Sour_16.jpg,.jpg,image,SUCCESS,2026-05-27T22:15:07.261656,500.0,500.0,1.0,JPEG,RGB,20754,
C:\Users\USER\Documents\projects\maestria\POC\multimodal_DQ_analysis\data\images\archive\Partial Sour\Partial Sour_17.jpg,Partial Sour_17.jpg,.jpg,image,SUCCESS,2026-05-27T22:15:07.262382,500.0,500.0,1.0,JPEG,RGB,92535,
C:\Users\USER\Documents\projects\maestria\POC\multimodal_DQ_analysis\data\images\archive\Partial Sour\Partial Sour_18.jpg,Partial Sour_18.jpg,.jpg,image,SUCCESS,2026-05-27T22:15:07.263101,500.0,500.0,1.0,JPEG,RGB,91069,
C:\Users\USER\Documents\projects\maestria\POC\multimodal_DQ_analysis\data\images\archive\Partial Sour\Partial Sour_19.jpg,Partial Sour_19.jpg,.jpg,image,SUCCESS,2026-05-27T22:15:07.263795,500.0,500.0,1.0,JPEG,RGB,21883,
C:\Users\USER\Documents\projects\maestria\POC\multimodal_DQ_analysis\data\images\archive\Partial Sour\Partial Sour_20.jpg,Partial Sour_20.jpg,.jpg,image,SUCCESS,2026-05-27T22:15:07.264521,500.0,500.0,1.0,JPEG,RGB,90717,
C:\Users\USER\Documents\projects\maestria\POC\multimodal_DQ_analysis\data\images\archive\Partial Sour\Partial Sour_21.jpg,Partial Sour_21.jpg,.jpg,image,SUCCESS,2026-05-27T22:15:07.265235,500.0,500.0,1.0,JPEG,RGB,94861,
C:\Users\USER\Documents\projects\maestria\POC\multimodal_DQ_analysis\data\images\archive\Partial Sour\Partial Sour_22.jpg,Partial Sour_22.jpg,.jpg,image,SUCCESS,2026-05-27T22:15:07.265904,500.0,500.0,1.0,JPEG,RGB,18932,
C:\Users\USER\Documents\projects\maestria\POC\multimodal_DQ_analysis\data\images\archive\Partial Sour\Partial Sour_23.jpg,Partial Sour_23.jpg,.jpg,image,SUCCESS,2026-05-27T22:15:07.266615,500.0,500.0,1.0,JPEG,RGB,19902,
C:\Users\USER\Documents\projects\maestria\POC\multimodal_DQ_analysis\data\images\archive\Partial Sour\Partial Sour_24.jpg,Partial Sour_24.jpg,.jpg,image,SUCCESS,2026-05-27T22:15:07.267340,500.0,500.0,1.0,JPEG,RGB,19649,
C:\Users\USER\Documents\projects\maestria\POC\multimodal_DQ_analysis\data\images\archive\Partial Sour\Partial Sour_25.jpg,Partial Sour_25.jpg,.jpg,image,SUCCESS,2026-05-27T22:15:07.268384,500.0,500.0,1.0,JPEG,RGB,100156,
C:\Users\USER\Documents\projects\maestria\POC\multimodal_DQ_analysis\data\images\archive\Partial Sour\Partial Sour_26.jpg,Partial Sour_26.jpg,.jpg,image,SUCCESS,2026-05-27T22:15:07.269318,500.0,500.0,1.0,JPEG,RGB,97909,
C:\Users\USER\Documents\projects\maestria\POC\multimodal_DQ_analysis\data\images\archive\Partial Sour\Partial Sour_27.jpg,Partial Sour_27.jpg,.jpg,image,SUCCESS,2026-05-27T22:15:07.270196,500.0,500.0,1.0,JPEG,RGB,22780,
C:\Users\USER\Documents\projects\maestria\POC\multimodal_DQ_analysis\data\images\archive\Partial Sour\Partial Sour_28.jpg,Partial Sour_28.jpg,.jpg,image,SUCCESS,2026-05-27T22:15:07.271065,500.0,500.0,1.0,JPEG,RGB,91761,
C:\Users\USER\Documents\projects\maestria\POC\multimodal_DQ_analysis\data\images\archive\Partial Sour\Partial Sour_29.jpg,Partial Sour_29.jpg,.jpg,image,SUCCESS,2026-05-27T22:15:07.271819,500.0,500.0,1.0,JPEG,RGB,91709,
C:\Users\USER\Documents\projects\maestria\POC\multimodal_DQ_analysis\data\images\archive\Partial Sour\Partial Sour_30.jpg,Partial Sour_30.jpg,.jpg,image,SUCCESS,2026-05-27T22:15:07.272371,500.0,500.0,1.0,JPEG,RGB,18921,
C:\Users\USER\Documents\projects\maestria\POC\multimodal_DQ_analysis\data\images\archive\Partial Sour\Partial Sour_31.jpg,Partial Sour_31.jpg,.jpg,image,SUCCESS,2026-05-27T22:15:07.273119,500.0,500.0,1.0,JPEG,RGB,18679,
C:\Users\USER\Documents\projects\maestria\POC\multimodal_DQ_analysis\data\images\archive\Partial Sour\Partial Sour_32.jpg,Partial Sour_32.jpg,.jpg,image,SUCCESS,2026-05-27T22:15:07.273713,500.0,500.0,1.0,JPEG,RGB,21107,
C:\Users\USER\Documents\projects\maestria\POC\multimodal_DQ_analysis\data\images\archive\Partial Sour\Partial Sour_33.jpg,Partial Sour_33.jpg,.jpg,image,SUCCESS,2026-05-27T22:15:07.274377,500.0,500.0,1.0,JPEG,RGB,20109,
C:\Users\USER\Documents\projects\maestria\POC\multimodal_DQ_analysis\data\images\archive\Partial Sour\Partial Sour_34.jpg,Partial Sour_34.jpg,.jpg,image,SUCCESS,2026-05-27T22:15:07.275054,500.0,500.0,1.0,JPEG,RGB,19597,
C:\Users\USER\Documents\projects\maestria\POC\multimodal_DQ_analysis\data\images\archive\Partial Sour\Partial Sour_35.jpg,Partial Sour_35.jpg,.jpg,image,SUCCESS,2026-05-27T22:15:07.275705,500.0,500.0,1.0,JPEG,RGB,19621,
C:\Users\USER\Documents\projects\maestria\POC\multimodal_DQ_analysis\data\images\archive\Partial Sour\Partial Sour_36.jpg,Partial Sour_36.jpg,.jpg,image,SUCCESS,2026-05-27T22:15:07.276536,500.0,500.0,1.0,JPEG,RGB,19452,
C:\Users\USER\Documents\projects\maestria\POC\multimodal_DQ_analysis\data\images\archive\Partial Sour\Partial Sour_37.jpg,Partial Sour_37.jpg,.jpg,image,SUCCESS,2026-05-27T22:15:07.277323,500.0,500.0,1.0,JPEG,RGB,73732,
C:\Users\USER\Documents\projects\maestria\POC\multimodal_DQ_analysis\data\images\archive\Partial Sour\Partial Sour_38.jpg,Partial Sour_38.jpg,.jpg,image,SUCCESS,2026-05-27T22:15:07.278178,500.0,500.0,1.0,JPEG,RGB,18364,
C:\Users\USER\Documents\projects\maestria\POC\multimodal_DQ_analysis\data\images\archive\Partial Sour\Partial Sour_40.jpg,Partial Sour_40.jpg,.jpg,image,SUCCESS,2026-05-27T22:15:07.278821,500.0,500.0,1.0,JPEG,RGB,22601,
C:\Users\USER\Documents\projects\maestria\POC\multimodal_DQ_analysis\data\images\archive\Partial Sour\Partial Sour_41.jpg,Partial Sour_41.jpg,.jpg,image,SUCCESS,2026-05-27T22:15:07.279445,500.0,500.0,1.0,JPEG,RGB,21780,
C:\Users\USER\Documents\projects\maestria\POC\multimodal_DQ_analysis\data\images\archive\Partial Sour\Partial Sour_42.jpg,Partial Sour_42.jpg,.jpg,image,SUCCESS,2026-05-27T22:15:07.280145,500.0,500.0,1.0,JPEG,RGB,17399,
C:\Users\USER\Documents\projects\maestria\POC\multimodal_DQ_analysis\data\images\archive\Partial Sour\Partial Sour_43.jpg,Partial Sour_43.jpg,.jpg,image,SUCCESS,2026-05-27T22:15:07.280786,500.0,500.0,1.0,JPEG,RGB,21342,
C:\Users\USER\Documents\projects\maestria\POC\multimodal_DQ_analysis\data\images\archive\Partial Sour\Partial Sour_44.jpg,Partial Sour_44.jpg,.jpg,image,SUCCESS,2026-05-27T22:15:07.281569,500.0,500.0,1.0,JPEG,RGB,96456,
C:\Users\USER\Documents\projects\maestria\POC\multimodal_DQ_analysis\data\images\archive\Partial Sour\Partial Sour_45.jpg,Partial Sour_45.jpg,.jpg,image,SUCCESS,2026-05-27T22:15:07.282353,500.0,500.0,1.0,JPEG,RGB,92812,
C:\Users\USER\Documents\projects\maestria\POC\multimodal_DQ_analysis\data\images\archive\Partial Sour\Partial Sour_46.jpg,Partial Sour_46.jpg,.jpg,image,SUCCESS,2026-05-27T22:15:07.283057,500.0,500.0,1.0,JPEG,RGB,18606,
C:\Users\USER\Documents\projects\maestria\POC\multimodal_DQ_analysis\data\images\archive\Partial Sour\Partial Sour_47.jpg,Partial Sour_47.jpg,.jpg,image,SUCCESS,2026-05-27T22:15:07.283883,500.0,500.0,1.0,JPEG,RGB,20970,
C:\Users\USER\Documents\projects\maestria\POC\multimodal_DQ_analysis\data\images\archive\Partial Sour\Partial Sour_48.jpg,Partial Sour_48.jpg,.jpg,image,SUCCESS,2026-05-27T22:15:07.284849,500.0,500.0,1.0,JPEG,RGB,96862,
C:\Users\USER\Documents\projects\maestria\POC\multimodal_DQ_analysis\data\images\archive\Partial Sour\Partial Sour_49.jpg,Partial Sour_49.jpg,.jpg,image,SUCCESS,2026-05-27T22:15:07.285746,500.0,500.0,1.0,JPEG,RGB,100271,
C:\Users\USER\Documents\projects\maestria\POC\multimodal_DQ_analysis\data\images\archive\Partial Sour\Partial Sour_50.jpg,Partial Sour_50.jpg,.jpg,image,SUCCESS,2026-05-27T22:15:07.286483,500.0,500.0,1.0,JPEG,RGB,104302,
C:\Users\USER\Documents\projects\maestria\POC\multimodal_DQ_analysis\data\images\archive\Partial Sour\Partial sour_39.jpg,Partial sour_39.jpg,.jpg,image,SUCCESS,2026-05-27T22:15:07.288229,500.0,500.0,1.0,JPEG,RGB,18630,
C:\Users\USER\Documents\projects\maestria\POC\multimodal_DQ_analysis\data\images\archive\Severe Insect Damange\Severe Insect Damange_01.jpg,Severe Insect Damange_01.jpg,.jpg,image,SUCCESS,2026-05-27T22:15:07.289003,500.0,500.0,1.0,JPEG,RGB,75006,
C:\Users\USER\Documents\projects\maestria\POC\multimodal_DQ_analysis\data\images\archive\Severe Insect Damange\Severe Insect Damange_02.jpg,Severe Insect Damange_02.jpg,.jpg,image,SUCCESS,2026-05-27T22:15:07.289618,500.0,500.0,1.0,JPEG,RGB,91946,
C:\Users\USER\Documents\projects\maestria\POC\multimodal_DQ_analysis\data\images\archive\Severe Insect Damange\Severe Insect Damange_03.jpg,Severe Insect Damange_03.jpg,.jpg,image,SUCCESS,2026-05-27T22:15:07.290997,500.0,500.0,1.0,JPEG,RGB,91136,
C:\Users\USER\Documents\projects\maestria\POC\multimodal_DQ_analysis\data\images\archive\Severe Insect Damange\Severe Insect Damange_04.jpg,Severe Insect Damange_04.jpg,.jpg,image,SUCCESS,2026-05-27T22:15:07.292071,500.0,500.0,1.0,JPEG,RGB,92056,
C:\Users\USER\Documents\projects\maestria\POC\multimodal_DQ_analysis\data\images\archive\Severe Insect Damange\Severe Insect Damange_05.jpg,Severe Insect Damange_05.jpg,.jpg,image,SUCCESS,2026-05-27T22:15:07.293125,500.0,500.0,1.0,JPEG,RGB,89831,
C:\Users\USER\Documents\projects\maestria\POC\multimodal_DQ_analysis\data\images\archive\Severe Insect Damange\Severe Insect Damange_06.jpg,Severe Insect Damange_06.jpg,.jpg,image,SUCCESS,2026-05-27T22:15:07.294443,500.0,500.0,1.0,JPEG,RGB,95246,
C:\Users\USER\Documents\projects\maestria\POC\multimodal_DQ_analysis\data\images\archive\Severe Insect Damange\Severe Insect Damange_07.jpg,Severe Insect Damange_07.jpg,.jpg,image,SUCCESS,2026-05-27T22:15:07.295354,500.0,500.0,1.0,JPEG,RGB,96682,
C:\Users\USER\Documents\projects\maestria\POC\multimodal_DQ_analysis\data\images\archive\Severe Insect Damange\Severe Insect Damange_08.jpg,Severe Insect Damange_08.jpg,.jpg,image,SUCCESS,2026-05-27T22:15:07.296187,500.0,500.0,1.0,JPEG,RGB,88304,
C:\Users\USER\Documents\projects\maestria\POC\multimodal_DQ_analysis\data\images\archive\Severe Insect Damange\Severe Insect Damange_09.jpg,Severe Insect Damange_09.jpg,.jpg,image,SUCCESS,2026-05-27T22:15:07.297012,500.0,500.0,1.0,JPEG,RGB,95878,
C:\Users\USER\Documents\projects\maestria\POC\multimodal_DQ_analysis\data\images\archive\Severe Insect Damange\Severe Insect Damange_10.jpg,Severe Insect Damange_10.jpg,.jpg,image,SUCCESS,2026-05-27T22:15:07.297786,500.0,500.0,1.0,JPEG,RGB,88347,
C:\Users\USER\Documents\projects\maestria\POC\multimodal_DQ_analysis\data\images\archive\Severe Insect Damange\Severe Insect Damange_11.jpg,Severe Insect Damange_11.jpg,.jpg,image,SUCCESS,2026-05-27T22:15:07.298557,500.0,500.0,1.0,JPEG,RGB,95052,
C:\Users\USER\Documents\projects\maestria\POC\multimodal_DQ_analysis\data\images\archive\Severe Insect Damange\Severe Insect Damange_12.jpg,Severe Insect Damange_12.jpg,.jpg,image,SUCCESS,2026-05-27T22:15:07.299584,500.0,500.0,1.0,JPEG,RGB,97432,
C:\Users\USER\Documents\projects\maestria\POC\multimodal_DQ_analysis\data\images\archive\Severe Insect Damange\Severe Insect Damange_13.jpg,Severe Insect Damange_13.jpg,.jpg,image,SUCCESS,2026-05-27T22:15:07.300253,500.0,500.0,1.0,JPEG,RGB,97371,
C:\Users\USER\Documents\projects\maestria\POC\multimodal_DQ_analysis\data\images\archive\Severe Insect Damange\Severe Insect Damange_14.jpg,Severe Insect Damange_14.jpg,.jpg,image,SUCCESS,2026-05-27T22:15:07.301219,500.0,500.0,1.0,JPEG,RGB,96383,
C:\Users\USER\Documents\projects\maestria\POC\multimodal_DQ_analysis\data\images\archive\Severe Insect Damange\Severe Insect Damange_15.jpg,Severe Insect Damange_15.jpg,.jpg,image,SUCCESS,2026-05-27T22:15:07.301988,500.0,500.0,1.0,JPEG,RGB,100288,
C:\Users\USER\Documents\projects\maestria\POC\multimodal_DQ_analysis\data\images\archive\Severe Insect Damange\Severe Insect Damange_16.jpg,Severe Insect Damange_16.jpg,.jpg,image,SUCCESS,2026-05-27T22:15:07.302881,500.0,500.0,1.0,JPEG,RGB,95135,
C:\Users\USER\Documents\projects\maestria\POC\multimodal_DQ_analysis\data\images\archive\Severe Insect Damange\Severe Insect Damange_17.jpg,Severe Insect Damange_17.jpg,.jpg,image,SUCCESS,2026-05-27T22:15:07.303746,500.0,500.0,1.0,JPEG,RGB,84252,
C:\Users\USER\Documents\projects\maestria\POC\multimodal_DQ_analysis\data\images\archive\Severe Insect Damange\Severe Insect Damange_18.jpg,Severe Insect Damange_18.jpg,.jpg,image,SUCCESS,2026-05-27T22:15:07.304459,500.0,500.0,1.0,JPEG,RGB,82996,
C:\Users\USER\Documents\projects\maestria\POC\multimodal_DQ_analysis\data\images\archive\Severe Insect Damange\Severe Insect Damange_19.jpg,Severe Insect Damange_19.jpg,.jpg,image,SUCCESS,2026-05-27T22:15:07.304873,500.0,500.0,1.0,JPEG,RGB,77039,
C:\Users\USER\Documents\projects\maestria\POC\multimodal_DQ_analysis\data\images\archive\Severe Insect Damange\Severe Insect Damange_20.jpg,Severe Insect Damange_20.jpg,.jpg,image,SUCCESS,2026-05-27T22:15:07.305819,500.0,500.0,1.0,JPEG,RGB,90186,
C:\Users\USER\Documents\projects\maestria\POC\multimodal_DQ_analysis\data\images\archive\Severe Insect Damange\Severe Insect Damange_21.jpg,Severe Insect Damange_21.jpg,.jpg,image,SUCCESS,2026-05-27T22:15:07.306598,500.0,500.0,1.0,JPEG,RGB,87496,
C:\Users\USER\Documents\projects\maestria\POC\multimodal_DQ_analysis\data\images\archive\Severe Insect Damange\Severe Insect Damange_22.jpg,Severe Insect Damange_22.jpg,.jpg,image,SUCCESS,2026-05-27T22:15:07.307503,500.0,500.0,1.0,JPEG,RGB,87375,
C:\Users\USER\Documents\projects\maestria\POC\multimodal_DQ_analysis\data\images\archive\Severe Insect Damange\Severe Insect Damange_23.jpg,Severe Insect Damange_23.jpg,.jpg,image,SUCCESS,2026-05-27T22:15:07.308379,500.0,500.0,1.0,JPEG,RGB,85494,
C:\Users\USER\Documents\projects\maestria\POC\multimodal_DQ_analysis\data\images\archive\Severe Insect Damange\Severe Insect Damange_24.jpg,Severe Insect Damange_24.jpg,.jpg,image,SUCCESS,2026-05-27T22:15:07.309177,500.0,500.0,1.0,JPEG,RGB,88649,
C:\Users\USER\Documents\projects\maestria\POC\multimodal_DQ_analysis\data\images\archive\Severe Insect Damange\Severe Insect Damange_25.jpg,Severe Insect Damange_25.jpg,.jpg,image,SUCCESS,2026-05-27T22:15:07.310014,500.0,500.0,1.0,JPEG,RGB,86902,
C:\Users\USER\Documents\projects\maestria\POC\multimodal_DQ_analysis\data\images\archive\Severe Insect Damange\Severe Insect Damange_26.jpg,Severe Insect Damange_26.jpg,.jpg,image,SUCCESS,2026-05-27T22:15:07.310790,500.0,500.0,1.0,JPEG,RGB,82922,
C:\Users\USER\Documents\projects\maestria\POC\multimodal_DQ_analysis\data\images\archive\Severe Insect Damange\Severe Insect Damange_27.jpg,Severe Insect Damange_27.jpg,.jpg,image,SUCCESS,2026-05-27T22:15:07.311470,500.0,500.0,1.0,JPEG,RGB,19460,
C:\Users\USER\Documents\projects\maestria\POC\multimodal_DQ_analysis\data\images\archive\Severe Insect Damange\Severe Insect Damange_28.jpg,Severe Insect Damange_28.jpg,.jpg,image,SUCCESS,2026-05-27T22:15:07.312141,500.0,500.0,1.0,JPEG,RGB,17667,
C:\Users\USER\Documents\projects\maestria\POC\multimodal_DQ_analysis\data\images\archive\Severe Insect Damange\Severe Insect Damange_29.jpg,Severe Insect Damange_29.jpg,.jpg,image,SUCCESS,2026-05-27T22:15:07.312781,500.0,500.0,1.0,JPEG,RGB,21995,
C:\Users\USER\Documents\projects\maestria\POC\multimodal_DQ_analysis\data\images\archive\Severe Insect Damange\Severe Insect Damange_30.jpg,Severe Insect Damange_30.jpg,.jpg,image,SUCCESS,2026-05-27T22:15:07.313466,500.0,500.0,1.0,JPEG,RGB,18433,
C:\Users\USER\Documents\projects\maestria\POC\multimodal_DQ_analysis\data\images\archive\Severe Insect Damange\Severe Insect Damange_31.jpg,Severe Insect Damange_31.jpg,.jpg,image,SUCCESS,2026-05-27T22:15:07.314093,500.0,500.0,1.0,JPEG,RGB,17689,
C:\Users\USER\Documents\projects\maestria\POC\multimodal_DQ_analysis\data\images\archive\Severe Insect Damange\Severe Insect Damange_32.jpg,Severe Insect Damange_32.jpg,.jpg,image,SUCCESS,2026-05-27T22:15:07.315192,500.0,500.0,1.0,JPEG,RGB,18241,
C:\Users\USER\Documents\projects\maestria\POC\multimodal_DQ_analysis\data\images\archive\Severe Insect Damange\Severe Insect Damange_33.jpg,Severe Insect Damange_33.jpg,.jpg,image,SUCCESS,2026-05-27T22:15:07.316244,500.0,500.0,1.0,JPEG,RGB,16241,
C:\Users\USER\Documents\projects\maestria\POC\multimodal_DQ_analysis\data\images\archive\Severe Insect Damange\Severe Insect Damange_34.jpg,Severe Insect Damange_34.jpg,.jpg,image,SUCCESS,2026-05-27T22:15:07.317201,500.0,500.0,1.0,JPEG,RGB,17602,
C:\Users\USER\Documents\projects\maestria\POC\multimodal_DQ_analysis\data\images\archive\Severe Insect Damange\Severe Insect Damange_35.jpg,Severe Insect Damange_35.jpg,.jpg,image,SUCCESS,2026-05-27T22:15:07.317948,500.0,500.0,1.0,JPEG,RGB,18643,
C:\Users\USER\Documents\projects\maestria\POC\multimodal_DQ_analysis\data\images\archive\Severe Insect Damange\Severe Insect Damange_36.jpg,Severe Insect Damange_36.jpg,.jpg,image,SUCCESS,2026-05-27T22:15:07.318641,500.0,500.0,1.0,JPEG,RGB,17356,
C:\Users\USER\Documents\projects\maestria\POC\multimodal_DQ_analysis\data\images\archive\Severe Insect Damange\Severe Insect Damange_37.jpg,Severe Insect Damange_37.jpg,.jpg,image,SUCCESS,2026-05-27T22:15:07.319368,500.0,500.0,1.0,JPEG,RGB,19774,
C:\Users\USER\Documents\projects\maestria\POC\multimodal_DQ_analysis\data\images\archive\Severe Insect Damange\Severe Insect Damange_38.jpg,Severe Insect Damange_38.jpg,.jpg,image,SUCCESS,2026-05-27T22:15:07.320719,500.0,500.0,1.0,JPEG,RGB,18962,
C:\Users\USER\Documents\projects\maestria\POC\multimodal_DQ_analysis\data\images\archive\Severe Insect Damange\Severe Insect Damange_39.jpg,Severe Insect Damange_39.jpg,.jpg,image,SUCCESS,2026-05-27T22:15:07.321307,500.0,500.0,1.0,JPEG,RGB,18663,
C:\Users\USER\Documents\projects\maestria\POC\multimodal_DQ_analysis\data\images\archive\Severe Insect Damange\Severe Insect Damange_40.jpg,Severe Insect Damange_40.jpg,.jpg,image,SUCCESS,2026-05-27T22:15:07.321652,500.0,500.0,1.0,JPEG,RGB,16734,
C:\Users\USER\Documents\projects\maestria\POC\multimodal_DQ_analysis\data\images\archive\Severe Insect Damange\Severe Insect Damange_41.jpg,Severe Insect Damange_41.jpg,.jpg,image,SUCCESS,2026-05-27T22:15:07.322465,500.0,500.0,1.0,JPEG,RGB,17408,
C:\Users\USER\Documents\projects\maestria\POC\multimodal_DQ_analysis\data\images\archive\Severe Insect Damange\Severe Insect Damange_42.jpg,Severe Insect Damange_42.jpg,.jpg,image,SUCCESS,2026-05-27T22:15:07.323196,500.0,500.0,1.0,JPEG,RGB,19977,
C:\Users\USER\Documents\projects\maestria\POC\multimodal_DQ_analysis\data\images\archive\Severe Insect Damange\Severe Insect Damange_43.jpg,Severe Insect Damange_43.jpg,.jpg,image,SUCCESS,2026-05-27T22:15:07.323810,500.0,500.0,1.0,JPEG,RGB,17989,
C:\Users\USER\Documents\projects\maestria\POC\multimodal_DQ_analysis\data\images\archive\Severe Insect Damange\Severe Insect Damange_44.jpg,Severe Insect Damange_44.jpg,.jpg,image,SUCCESS,2026-05-27T22:15:07.324426,500.0,500.0,1.0,JPEG,RGB,19429,
C:\Users\USER\Documents\projects\maestria\POC\multimodal_DQ_analysis\data\images\archive\Severe Insect Damange\Severe Insect Damange_45.jpg,Severe Insect Damange_45.jpg,.jpg,image,SUCCESS,2026-05-27T22:15:07.325143,500.0,500.0,1.0,JPEG,RGB,18581,
C:\Users\USER\Documents\projects\maestria\POC\multimodal_DQ_analysis\data\images\archive\Severe Insect Damange\Severe Insect Damange_46.jpg,Severe Insect Damange_46.jpg,.jpg,image,SUCCESS,2026-05-27T22:15:07.325791,500.0,500.0,1.0,JPEG,RGB,18770,
C:\Users\USER\Documents\projects\maestria\POC\multimodal_DQ_analysis\data\images\archive\Severe Insect Damange\Severe Insect Damange_47.jpg,Severe Insect Damange_47.jpg,.jpg,image,SUCCESS,2026-05-27T22:15:07.326529,501.0,501.0,1.0,JPEG,RGB,17038,
C:\Users\USER\Documents\projects\maestria\POC\multimodal_DQ_analysis\data\images\archive\Severe Insect Damange\Severe Insect Damange_48.jpg,Severe Insect Damange_48.jpg,.jpg,image,SUCCESS,2026-05-27T22:15:07.327237,500.0,500.0,1.0,JPEG,RGB,20137,
C:\Users\USER\Documents\projects\maestria\POC\multimodal_DQ_analysis\data\images\archive\Severe Insect Damange\Severe Insect Damange_49.jpg,Severe Insect Damange_49.jpg,.jpg,image,SUCCESS,2026-05-27T22:15:07.328051,500.0,500.0,1.0,JPEG,RGB,119000,
C:\Users\USER\Documents\projects\maestria\POC\multimodal_DQ_analysis\data\images\archive\Severe Insect Damange\Severe Insect Damange_50.jpg,Severe Insect Damange_50.jpg,.jpg,image,SUCCESS,2026-05-27T22:15:07.328892,500.0,500.0,1.0,JPEG,RGB,114514,
C:\Users\USER\Documents\projects\maestria\POC\multimodal_DQ_analysis\data\images\archive\Severe Insect Damange\Severe Insect Damange_51.jpg,Severe Insect Damange_51.jpg,.jpg,image,SUCCESS,2026-05-27T22:15:07.329692,500.0,500.0,1.0,JPEG,RGB,122746,
C:\Users\USER\Documents\projects\maestria\POC\multimodal_DQ_analysis\data\images\archive\Severe Insect Damange\Severe Insect Damange_52.jpg,Severe Insect Damange_52.jpg,.jpg,image,SUCCESS,2026-05-27T22:15:07.330239,500.0,500.0,1.0,JPEG,RGB,115045,
C:\Users\USER\Documents\projects\maestria\POC\multimodal_DQ_analysis\data\images\archive\Severe Insect Damange\Severe Insect Damange_53.jpg,Severe Insect Damange_53.jpg,.jpg,image,SUCCESS,2026-05-27T22:15:07.331231,500.0,500.0,1.0,JPEG,RGB,114016,
C:\Users\USER\Documents\projects\maestria\POC\multimodal_DQ_analysis\data\images\archive\Severe Insect Damange\Severe Insect Damange_54.jpg,Severe Insect Damange_54.jpg,.jpg,image,SUCCESS,2026-05-27T22:15:07.332114,500.0,500.0,1.0,JPEG,RGB,112635,
C:\Users\USER\Documents\projects\maestria\POC\multimodal_DQ_analysis\data\images\archive\Severe Insect Damange\Severe Insect Damange_55.jpg,Severe Insect Damange_55.jpg,.jpg,image,SUCCESS,2026-05-27T22:15:07.333187,500.0,500.0,1.0,JPEG,RGB,102412,
C:\Users\USER\Documents\projects\maestria\POC\multimodal_DQ_analysis\data\images\archive\Severe Insect Damange\Severe Insect Damange_56.jpg,Severe Insect Damange_56.jpg,.jpg,image,SUCCESS,2026-05-27T22:15:07.334032,500.0,500.0,1.0,JPEG,RGB,105365,
C:\Users\USER\Documents\projects\maestria\POC\multimodal_DQ_analysis\data\images\archive\Severe Insect Damange\Severe Insect Damange_57.jpg,Severe Insect Damange_57.jpg,.jpg,image,SUCCESS,2026-05-27T22:15:07.335004,500.0,500.0,1.0,JPEG,RGB,127412,
C:\Users\USER\Documents\projects\maestria\POC\multimodal_DQ_analysis\data\images\archive\Shell\Shell_01.jpg,Shell_01.jpg,.jpg,image,SUCCESS,2026-05-27T22:15:07.335749,500.0,500.0,1.0,JPEG,RGB,98798,
C:\Users\USER\Documents\projects\maestria\POC\multimodal_DQ_analysis\data\images\archive\Shell\Shell_02.jpg,Shell_02.jpg,.jpg,image,SUCCESS,2026-05-27T22:15:07.336672,500.0,500.0,1.0,JPEG,RGB,109687,
C:\Users\USER\Documents\projects\maestria\POC\multimodal_DQ_analysis\data\images\archive\Shell\Shell_03.jpg,Shell_03.jpg,.jpg,image,SUCCESS,2026-05-27T22:15:07.337783,500.0,500.0,1.0,JPEG,RGB,105067,
C:\Users\USER\Documents\projects\maestria\POC\multimodal_DQ_analysis\data\images\archive\Shell\Shell_04.jpg,Shell_04.jpg,.jpg,image,SUCCESS,2026-05-27T22:15:07.338701,500.0,500.0,1.0,JPEG,RGB,95919,
C:\Users\USER\Documents\projects\maestria\POC\multimodal_DQ_analysis\data\images\archive\Shell\Shell_05.jpg,Shell_05.jpg,.jpg,image,SUCCESS,2026-05-27T22:15:07.339827,500.0,500.0,1.0,JPEG,RGB,92874,
C:\Users\USER\Documents\projects\maestria\POC\multimodal_DQ_analysis\data\images\archive\Shell\Shell_06.jpg,Shell_06.jpg,.jpg,image,SUCCESS,2026-05-27T22:15:07.340694,500.0,500.0,1.0,JPEG,RGB,101286,
C:\Users\USER\Documents\projects\maestria\POC\multimodal_DQ_analysis\data\images\archive\Shell\Shell_07.jpg,Shell_07.jpg,.jpg,image,SUCCESS,2026-05-27T22:15:07.341365,500.0,500.0,1.0,JPEG,RGB,105333,
C:\Users\USER\Documents\projects\maestria\POC\multimodal_DQ_analysis\data\images\archive\Shell\Shell_08.jpg,Shell_08.jpg,.jpg,image,SUCCESS,2026-05-27T22:15:07.342262,500.0,500.0,1.0,JPEG,RGB,105439,
C:\Users\USER\Documents\projects\maestria\POC\multimodal_DQ_analysis\data\images\archive\Shell\Shell_09.jpg,Shell_09.jpg,.jpg,image,SUCCESS,2026-05-27T22:15:07.343104,500.0,500.0,1.0,JPEG,RGB,102910,
C:\Users\USER\Documents\projects\maestria\POC\multimodal_DQ_analysis\data\images\archive\Shell\Shell_10.jpg,Shell_10.jpg,.jpg,image,SUCCESS,2026-05-27T22:15:07.344064,500.0,500.0,1.0,JPEG,RGB,100842,
C:\Users\USER\Documents\projects\maestria\POC\multimodal_DQ_analysis\data\images\archive\Shell\Shell_11.jpg,Shell_11.jpg,.jpg,image,SUCCESS,2026-05-27T22:15:07.344941,500.0,500.0,1.0,JPEG,RGB,100816,
C:\Users\USER\Documents\projects\maestria\POC\multimodal_DQ_analysis\data\images\archive\Shell\Shell_12.jpg,Shell_12.jpg,.jpg,image,SUCCESS,2026-05-27T22:15:07.345978,500.0,500.0,1.0,JPEG,RGB,97330,
C:\Users\USER\Documents\projects\maestria\POC\multimodal_DQ_analysis\data\images\archive\Shell\Shell_13.jpg,Shell_13.jpg,.jpg,image,SUCCESS,2026-05-27T22:15:07.346968,500.0,500.0,1.0,JPEG,RGB,99377,
C:\Users\USER\Documents\projects\maestria\POC\multimodal_DQ_analysis\data\images\archive\Shell\Shell_14.jpg,Shell_14.jpg,.jpg,image,SUCCESS,2026-05-27T22:15:07.347645,500.0,500.0,1.0,JPEG,RGB,111286,
C:\Users\USER\Documents\projects\maestria\POC\multimodal_DQ_analysis\data\images\archive\Shell\Shell_15.jpg,Shell_15.jpg,.jpg,image,SUCCESS,2026-05-27T22:15:07.348283,500.0,500.0,1.0,JPEG,RGB,106778,
C:\Users\USER\Documents\projects\maestria\POC\multimodal_DQ_analysis\data\images\archive\Shell\Shell_16.jpg,Shell_16.jpg,.jpg,image,SUCCESS,2026-05-27T22:15:07.349231,500.0,500.0,1.0,JPEG,RGB,98473,
C:\Users\USER\Documents\projects\maestria\POC\multimodal_DQ_analysis\data\images\archive\Shell\Shell_17.jpg,Shell_17.jpg,.jpg,image,SUCCESS,2026-05-27T22:15:07.350131,500.0,500.0,1.0,JPEG,RGB,108234,
C:\Users\USER\Documents\projects\maestria\POC\multimodal_DQ_analysis\data\images\archive\Shell\Shell_18.jpg,Shell_18.jpg,.jpg,image,SUCCESS,2026-05-27T22:15:07.351043,500.0,500.0,1.0,JPEG,RGB,100442,
C:\Users\USER\Documents\projects\maestria\POC\multimodal_DQ_analysis\data\images\archive\Shell\Shell_19.jpg,Shell_19.jpg,.jpg,image,SUCCESS,2026-05-27T22:15:07.351768,500.0,500.0,1.0,JPEG,RGB,104226,
C:\Users\USER\Documents\projects\maestria\POC\multimodal_DQ_analysis\data\images\archive\Shell\Shell_20.jpg,Shell_20.jpg,.jpg,image,SUCCESS,2026-05-27T22:15:07.352617,500.0,500.0,1.0,JPEG,RGB,104822,
C:\Users\USER\Documents\projects\maestria\POC\multimodal_DQ_analysis\data\images\archive\Shell\Shell_21.jpg,Shell_21.jpg,.jpg,image,SUCCESS,2026-05-27T22:15:07.353601,500.0,500.0,1.0,JPEG,RGB,100327,
C:\Users\USER\Documents\projects\maestria\POC\multimodal_DQ_analysis\data\images\archive\Shell\Shell_22.jpg,Shell_22.jpg,.jpg,image,SUCCESS,2026-05-27T22:15:07.354266,500.0,500.0,1.0,JPEG,RGB,100951,
C:\Users\USER\Documents\projects\maestria\POC\multimodal_DQ_analysis\data\images\archive\Shell\Shell_23.jpg,Shell_23.jpg,.jpg,image,SUCCESS,2026-05-27T22:15:07.355247,500.0,500.0,1.0,JPEG,RGB,103468,
C:\Users\USER\Documents\projects\maestria\POC\multimodal_DQ_analysis\data\images\archive\Shell\Shell_24.jpg,Shell_24.jpg,.jpg,image,SUCCESS,2026-05-27T22:15:07.356076,500.0,500.0,1.0,JPEG,RGB,106820,
C:\Users\USER\Documents\projects\maestria\POC\multimodal_DQ_analysis\data\images\archive\Shell\Shell_25.jpg,Shell_25.jpg,.jpg,image,SUCCESS,2026-05-27T22:15:07.356877,500.0,500.0,1.0,JPEG,RGB,109730,
C:\Users\USER\Documents\projects\maestria\POC\multimodal_DQ_analysis\data\images\archive\Shell\Shell_26.jpg,Shell_26.jpg,.jpg,image,SUCCESS,2026-05-27T22:15:07.357625,500.0,500.0,1.0,JPEG,RGB,107708,
C:\Users\USER\Documents\projects\maestria\POC\multimodal_DQ_analysis\data\images\archive\Shell\Shell_27.jpg,Shell_27.jpg,.jpg,image,SUCCESS,2026-05-27T22:15:07.358239,500.0,500.0,1.0,JPEG,RGB,101912,
C:\Users\USER\Documents\projects\maestria\POC\multimodal_DQ_analysis\data\images\archive\Shell\Shell_28.jpg,Shell_28.jpg,.jpg,image,SUCCESS,2026-05-27T22:15:07.359029,500.0,500.0,1.0,JPEG,RGB,107196,
C:\Users\USER\Documents\projects\maestria\POC\multimodal_DQ_analysis\data\images\archive\Shell\Shell_29.jpg,Shell_29.jpg,.jpg,image,SUCCESS,2026-05-27T22:15:07.359803,500.0,500.0,1.0,JPEG,RGB,111898,
C:\Users\USER\Documents\projects\maestria\POC\multimodal_DQ_analysis\data\images\archive\Shell\Shell_30.jpg,Shell_30.jpg,.jpg,image,SUCCESS,2026-05-27T22:15:07.360537,500.0,500.0,1.0,JPEG,RGB,102588,
C:\Users\USER\Documents\projects\maestria\POC\multimodal_DQ_analysis\data\images\archive\Shell\Shell_31.jpg,Shell_31.jpg,.jpg,image,SUCCESS,2026-05-27T22:15:07.361483,500.0,500.0,1.0,JPEG,RGB,98836,
C:\Users\USER\Documents\projects\maestria\POC\multimodal_DQ_analysis\data\images\archive\Shell\Shell_32.jpg,Shell_32.jpg,.jpg,image,SUCCESS,2026-05-27T22:15:07.362137,500.0,500.0,1.0,JPEG,RGB,103456,
C:\Users\USER\Documents\projects\maestria\POC\multimodal_DQ_analysis\data\images\archive\Shell\Shell_33.jpg,Shell_33.jpg,.jpg,image,SUCCESS,2026-05-27T22:15:07.362892,500.0,500.0,1.0,JPEG,RGB,107764,
C:\Users\USER\Documents\projects\maestria\POC\multimodal_DQ_analysis\data\images\archive\Shell\Shell_34.jpg,Shell_34.jpg,.jpg,image,SUCCESS,2026-05-27T22:15:07.363474,500.0,500.0,1.0,JPEG,RGB,108495,
C:\Users\USER\Documents\projects\maestria\POC\multimodal_DQ_analysis\data\images\archive\Shell\Shell_35.jpg,Shell_35.jpg,.jpg,image,SUCCESS,2026-05-27T22:15:07.363988,500.0,500.0,1.0,JPEG,RGB,104523,
C:\Users\USER\Documents\projects\maestria\POC\multimodal_DQ_analysis\data\images\archive\Shell\Shell_36.jpg,Shell_36.jpg,.jpg,image,SUCCESS,2026-05-27T22:15:07.365223,500.0,500.0,1.0,JPEG,RGB,112932,
C:\Users\USER\Documents\projects\maestria\POC\multimodal_DQ_analysis\data\images\archive\Shell\Shell_37.jpg,Shell_37.jpg,.jpg,image,SUCCESS,2026-05-27T22:15:07.365761,500.0,500.0,1.0,JPEG,RGB,111300,
C:\Users\USER\Documents\projects\maestria\POC\multimodal_DQ_analysis\data\images\archive\Shell\Shell_38.jpg,Shell_38.jpg,.jpg,image,SUCCESS,2026-05-27T22:15:07.366333,500.0,500.0,1.0,JPEG,RGB,95788,
C:\Users\USER\Documents\projects\maestria\POC\multimodal_DQ_analysis\data\images\archive\Shell\Shell_39.jpg,Shell_39.jpg,.jpg,image,SUCCESS,2026-05-27T22:15:07.366863,500.0,500.0,1.0,JPEG,RGB,110798,
C:\Users\USER\Documents\projects\maestria\POC\multimodal_DQ_analysis\data\images\archive\Shell\Shell_40.jpg,Shell_40.jpg,.jpg,image,SUCCESS,2026-05-27T22:15:07.368068,500.0,500.0,1.0,JPEG,RGB,110522,
C:\Users\USER\Documents\projects\maestria\POC\multimodal_DQ_analysis\data\images\archive\Shell\Shell_41.jpg,Shell_41.jpg,.jpg,image,SUCCESS,2026-05-27T22:15:07.368896,500.0,500.0,1.0,JPEG,RGB,104755,
C:\Users\USER\Documents\projects\maestria\POC\multimodal_DQ_analysis\data\images\archive\Shell\Shell_42.jpg,Shell_42.jpg,.jpg,image,SUCCESS,2026-05-27T22:15:07.369658,500.0,500.0,1.0,JPEG,RGB,111228,
C:\Users\USER\Documents\projects\maestria\POC\multimodal_DQ_analysis\data\images\archive\Shell\Shell_43.jpg,Shell_43.jpg,.jpg,image,SUCCESS,2026-05-27T22:15:07.370379,500.0,500.0,1.0,JPEG,RGB,114558,
C:\Users\USER\Documents\projects\maestria\POC\multimodal_DQ_analysis\data\images\archive\Shell\Shell_44.jpg,Shell_44.jpg,.jpg,image,SUCCESS,2026-05-27T22:15:07.370855,500.0,500.0,1.0,JPEG,RGB,111499,
C:\Users\USER\Documents\projects\maestria\POC\multimodal_DQ_analysis\data\images\archive\Shell\Shell_45.jpg,Shell_45.jpg,.jpg,image,SUCCESS,2026-05-27T22:15:07.371529,500.0,500.0,1.0,JPEG,RGB,108005,
C:\Users\USER\Documents\projects\maestria\POC\multimodal_DQ_analysis\data\images\archive\Shell\Shell_46.jpg,Shell_46.jpg,.jpg,image,SUCCESS,2026-05-27T22:15:07.372425,500.0,500.0,1.0,JPEG,RGB,112061,
C:\Users\USER\Documents\projects\maestria\POC\multimodal_DQ_analysis\data\images\archive\Shell\Shell_47.jpg,Shell_47.jpg,.jpg,image,SUCCESS,2026-05-27T22:15:07.373234,500.0,500.0,1.0,JPEG,RGB,101629,
C:\Users\USER\Documents\projects\maestria\POC\multimodal_DQ_analysis\data\images\archive\Shell\Shell_48.jpg,Shell_48.jpg,.jpg,image,SUCCESS,2026-05-27T22:15:07.374036,500.0,500.0,1.0,JPEG,RGB,103196,
C:\Users\USER\Documents\projects\maestria\POC\multimodal_DQ_analysis\data\images\archive\Shell\Shell_49.jpg,Shell_49.jpg,.jpg,image,SUCCESS,2026-05-27T22:15:07.374710,500.0,500.0,1.0,JPEG,RGB,98946,
C:\Users\USER\Documents\projects\maestria\POC\multimodal_DQ_analysis\data\images\archive\Shell\Shell_50.jpg,Shell_50.jpg,.jpg,image,SUCCESS,2026-05-27T22:15:07.375480,500.0,500.0,1.0,JPEG,RGB,103791,
C:\Users\USER\Documents\projects\maestria\POC\multimodal_DQ_analysis\data\images\archive\Shell\Shell_51.jpg,Shell_51.jpg,.jpg,image,SUCCESS,2026-05-27T22:15:07.376193,500.0,500.0,1.0,JPEG,RGB,97823,
C:\Users\USER\Documents\projects\maestria\POC\multimodal_DQ_analysis\data\images\archive\Shell\Shell_52.jpg,Shell_52.jpg,.jpg,image,SUCCESS,2026-05-27T22:15:07.376840,500.0,500.0,1.0,JPEG,RGB,98012,
C:\Users\USER\Documents\projects\maestria\POC\multimodal_DQ_analysis\data\images\archive\Shell\Shell_53.jpg,Shell_53.jpg,.jpg,image,SUCCESS,2026-05-27T22:15:07.377516,500.0,500.0,1.0,JPEG,RGB,105801,
C:\Users\USER\Documents\projects\maestria\POC\multimodal_DQ_analysis\data\images\archive\Shell\Shell_54.jpg,Shell_54.jpg,.jpg,image,SUCCESS,2026-05-27T22:15:07.378247,500.0,500.0,1.0,JPEG,RGB,99774,
C:\Users\USER\Documents\projects\maestria\POC\multimodal_DQ_analysis\data\images\archive\Shell\Shell_55.jpg,Shell_55.jpg,.jpg,image,SUCCESS,2026-05-27T22:15:07.378945,500.0,500.0,1.0,JPEG,RGB,93298,
C:\Users\USER\Documents\projects\maestria\POC\multimodal_DQ_analysis\data\images\archive\Shell\Shell_56.jpg,Shell_56.jpg,.jpg,image,SUCCESS,2026-05-27T22:15:07.379659,500.0,500.0,1.0,JPEG,RGB,100343,
C:\Users\USER\Documents\projects\maestria\POC\multimodal_DQ_analysis\data\images\archive\Shell\Shell_57.jpg,Shell_57.jpg,.jpg,image,SUCCESS,2026-05-27T22:15:07.380508,500.0,500.0,1.0,JPEG,RGB,102900,
C:\Users\USER\Documents\projects\maestria\POC\multimodal_DQ_analysis\data\images\archive\Slight Insect Damage\Slight Insect Damage_01.jpg,Slight Insect Damage_01.jpg,.jpg,image,SUCCESS,2026-05-27T22:15:07.381230,500.0,500.0,1.0,JPEG,RGB,95729,
C:\Users\USER\Documents\projects\maestria\POC\multimodal_DQ_analysis\data\images\archive\Slight Insect Damage\Slight Insect Damage_02.jpg,Slight Insect Damage_02.jpg,.jpg,image,SUCCESS,2026-05-27T22:15:07.381944,500.0,500.0,1.0,JPEG,RGB,81223,
C:\Users\USER\Documents\projects\maestria\POC\multimodal_DQ_analysis\data\images\archive\Slight Insect Damage\Slight Insect Damage_03.jpg,Slight Insect Damage_03.jpg,.jpg,image,SUCCESS,2026-05-27T22:15:07.382715,500.0,500.0,1.0,JPEG,RGB,81347,
C:\Users\USER\Documents\projects\maestria\POC\multimodal_DQ_analysis\data\images\archive\Slight Insect Damage\Slight Insect Damage_04.jpg,Slight Insect Damage_04.jpg,.jpg,image,SUCCESS,2026-05-27T22:15:07.383452,500.0,500.0,1.0,JPEG,RGB,81585,
C:\Users\USER\Documents\projects\maestria\POC\multimodal_DQ_analysis\data\images\archive\Slight Insect Damage\Slight Insect Damage_05.jpg,Slight Insect Damage_05.jpg,.jpg,image,SUCCESS,2026-05-27T22:15:07.384176,500.0,500.0,1.0,JPEG,RGB,82663,
C:\Users\USER\Documents\projects\maestria\POC\multimodal_DQ_analysis\data\images\archive\Slight Insect Damage\Slight Insect Damage_06.jpg,Slight Insect Damage_06.jpg,.jpg,image,SUCCESS,2026-05-27T22:15:07.384898,500.0,500.0,1.0,JPEG,RGB,83889,
C:\Users\USER\Documents\projects\maestria\POC\multimodal_DQ_analysis\data\images\archive\Slight Insect Damage\Slight Insect Damage_07.jpg,Slight Insect Damage_07.jpg,.jpg,image,SUCCESS,2026-05-27T22:15:07.385623,500.0,500.0,1.0,JPEG,RGB,85886,
C:\Users\USER\Documents\projects\maestria\POC\multimodal_DQ_analysis\data\images\archive\Slight Insect Damage\Slight Insect Damage_08.jpg,Slight Insect Damage_08.jpg,.jpg,image,SUCCESS,2026-05-27T22:15:07.386322,500.0,500.0,1.0,JPEG,RGB,86008,
C:\Users\USER\Documents\projects\maestria\POC\multimodal_DQ_analysis\data\images\archive\Slight Insect Damage\Slight Insect Damage_09.jpg,Slight Insect Damage_09.jpg,.jpg,image,SUCCESS,2026-05-27T22:15:07.387146,500.0,500.0,1.0,JPEG,RGB,77465,
C:\Users\USER\Documents\projects\maestria\POC\multimodal_DQ_analysis\data\images\archive\Slight Insect Damage\Slight Insect Damage_10.jpg,Slight Insect Damage_10.jpg,.jpg,image,SUCCESS,2026-05-27T22:15:07.387816,500.0,500.0,1.0,JPEG,RGB,82136,
C:\Users\USER\Documents\projects\maestria\POC\multimodal_DQ_analysis\data\images\archive\Slight Insect Damage\Slight Insect Damage_11.jpg,Slight Insect Damage_11.jpg,.jpg,image,SUCCESS,2026-05-27T22:15:07.388529,500.0,500.0,1.0,JPEG,RGB,83126,
C:\Users\USER\Documents\projects\maestria\POC\multimodal_DQ_analysis\data\images\archive\Slight Insect Damage\Slight Insect Damage_12.jpg,Slight Insect Damage_12.jpg,.jpg,image,SUCCESS,2026-05-27T22:15:07.389250,500.0,500.0,1.0,JPEG,RGB,75087,
C:\Users\USER\Documents\projects\maestria\POC\multimodal_DQ_analysis\data\images\archive\Slight Insect Damage\Slight Insect Damage_13.jpg,Slight Insect Damage_13.jpg,.jpg,image,SUCCESS,2026-05-27T22:15:07.389986,500.0,500.0,1.0,JPEG,RGB,88218,
C:\Users\USER\Documents\projects\maestria\POC\multimodal_DQ_analysis\data\images\archive\Slight Insect Damage\Slight Insect Damage_14.jpg,Slight Insect Damage_14.jpg,.jpg,image,SUCCESS,2026-05-27T22:15:07.390768,500.0,500.0,1.0,JPEG,RGB,88011,
C:\Users\USER\Documents\projects\maestria\POC\multimodal_DQ_analysis\data\images\archive\Slight Insect Damage\Slight Insect Damage_15.jpg,Slight Insect Damage_15.jpg,.jpg,image,SUCCESS,2026-05-27T22:15:07.391415,500.0,500.0,1.0,JPEG,RGB,110432,
C:\Users\USER\Documents\projects\maestria\POC\multimodal_DQ_analysis\data\images\archive\Slight Insect Damage\Slight Insect Damage_16.jpg,Slight Insect Damage_16.jpg,.jpg,image,SUCCESS,2026-05-27T22:15:07.392198,500.0,500.0,1.0,JPEG,RGB,93063,
C:\Users\USER\Documents\projects\maestria\POC\multimodal_DQ_analysis\data\images\archive\Slight Insect Damage\Slight Insect Damage_17.jpg,Slight Insect Damage_17.jpg,.jpg,image,SUCCESS,2026-05-27T22:15:07.393019,500.0,500.0,1.0,JPEG,RGB,84871,
C:\Users\USER\Documents\projects\maestria\POC\multimodal_DQ_analysis\data\images\archive\Slight Insect Damage\Slight Insect Damage_18.jpg,Slight Insect Damage_18.jpg,.jpg,image,SUCCESS,2026-05-27T22:15:07.393726,500.0,500.0,1.0,JPEG,RGB,76142,
C:\Users\USER\Documents\projects\maestria\POC\multimodal_DQ_analysis\data\images\archive\Slight Insect Damage\Slight Insect Damage_19.jpg,Slight Insect Damage_19.jpg,.jpg,image,SUCCESS,2026-05-27T22:15:07.394558,500.0,500.0,1.0,JPEG,RGB,87789,
C:\Users\USER\Documents\projects\maestria\POC\multimodal_DQ_analysis\data\images\archive\Slight Insect Damage\Slight Insect Damage_20.jpg,Slight Insect Damage_20.jpg,.jpg,image,SUCCESS,2026-05-27T22:15:07.395357,500.0,500.0,1.0,JPEG,RGB,123338,
C:\Users\USER\Documents\projects\maestria\POC\multimodal_DQ_analysis\data\images\archive\Slight Insect Damage\Slight Insect Damage_21.jpg,Slight Insect Damage_21.jpg,.jpg,image,SUCCESS,2026-05-27T22:15:07.396119,500.0,500.0,1.0,JPEG,RGB,93476,
C:\Users\USER\Documents\projects\maestria\POC\multimodal_DQ_analysis\data\images\archive\Slight Insect Damage\Slight Insect Damage_22.jpg,Slight Insect Damage_22.jpg,.jpg,image,SUCCESS,2026-05-27T22:15:07.396848,500.0,500.0,1.0,JPEG,RGB,86131,
C:\Users\USER\Documents\projects\maestria\POC\multimodal_DQ_analysis\data\images\archive\Slight Insect Damage\Slight Insect Damage_23.jpg,Slight Insect Damage_23.jpg,.jpg,image,SUCCESS,2026-05-27T22:15:07.397562,500.0,500.0,1.0,JPEG,RGB,88135,
C:\Users\USER\Documents\projects\maestria\POC\multimodal_DQ_analysis\data\images\archive\Slight Insect Damage\Slight Insect Damage_24.jpg,Slight Insect Damage_24.jpg,.jpg,image,SUCCESS,2026-05-27T22:15:07.398425,500.0,500.0,1.0,JPEG,RGB,116318,
C:\Users\USER\Documents\projects\maestria\POC\multimodal_DQ_analysis\data\images\archive\Slight Insect Damage\Slight Insect Damage_25.jpg,Slight Insect Damage_25.jpg,.jpg,image,SUCCESS,2026-05-27T22:15:07.399146,500.0,500.0,1.0,JPEG,RGB,117945,
C:\Users\USER\Documents\projects\maestria\POC\multimodal_DQ_analysis\data\images\archive\Slight Insect Damage\Slight Insect Damage_26.jpg,Slight Insect Damage_26.jpg,.jpg,image,SUCCESS,2026-05-27T22:15:07.399856,500.0,500.0,1.0,JPEG,RGB,92922,
C:\Users\USER\Documents\projects\maestria\POC\multimodal_DQ_analysis\data\images\archive\Slight Insect Damage\Slight Insect Damage_27.jpg,Slight Insect Damage_27.jpg,.jpg,image,SUCCESS,2026-05-27T22:15:07.400552,500.0,500.0,1.0,JPEG,RGB,83758,
C:\Users\USER\Documents\projects\maestria\POC\multimodal_DQ_analysis\data\images\archive\Slight Insect Damage\Slight Insect Damage_28.jpg,Slight Insect Damage_28.jpg,.jpg,image,SUCCESS,2026-05-27T22:15:07.401259,500.0,500.0,1.0,JPEG,RGB,89452,
C:\Users\USER\Documents\projects\maestria\POC\multimodal_DQ_analysis\data\images\archive\Slight Insect Damage\Slight Insect Damage_29.jpg,Slight Insect Damage_29.jpg,.jpg,image,SUCCESS,2026-05-27T22:15:07.401965,500.0,500.0,1.0,JPEG,RGB,94841,
C:\Users\USER\Documents\projects\maestria\POC\multimodal_DQ_analysis\data\images\archive\Slight Insect Damage\Slight Insect Damage_30.jpg,Slight Insect Damage_30.jpg,.jpg,image,SUCCESS,2026-05-27T22:15:07.402680,500.0,500.0,1.0,JPEG,RGB,111516,
C:\Users\USER\Documents\projects\maestria\POC\multimodal_DQ_analysis\data\images\archive\Slight Insect Damage\Slight Insect Damage_31.jpg,Slight Insect Damage_31.jpg,.jpg,image,SUCCESS,2026-05-27T22:15:07.403425,500.0,500.0,1.0,JPEG,RGB,99536,
C:\Users\USER\Documents\projects\maestria\POC\multimodal_DQ_analysis\data\images\archive\Slight Insect Damage\Slight Insect Damage_32.jpg,Slight Insect Damage_32.jpg,.jpg,image,SUCCESS,2026-05-27T22:15:07.404059,500.0,500.0,1.0,JPEG,RGB,91659,
C:\Users\USER\Documents\projects\maestria\POC\multimodal_DQ_analysis\data\images\archive\Slight Insect Damage\Slight Insect Damage_33.jpg,Slight Insect Damage_33.jpg,.jpg,image,SUCCESS,2026-05-27T22:15:07.404589,500.0,500.0,1.0,JPEG,RGB,74061,
C:\Users\USER\Documents\projects\maestria\POC\multimodal_DQ_analysis\data\images\archive\Slight Insect Damage\Slight Insect Damage_34.jpg,Slight Insect Damage_34.jpg,.jpg,image,SUCCESS,2026-05-27T22:15:07.405249,500.0,500.0,1.0,JPEG,RGB,107121,
C:\Users\USER\Documents\projects\maestria\POC\multimodal_DQ_analysis\data\images\archive\Slight Insect Damage\Slight Insect Damage_35.jpg,Slight Insect Damage_35.jpg,.jpg,image,SUCCESS,2026-05-27T22:15:07.405905,500.0,500.0,1.0,JPEG,RGB,87421,
C:\Users\USER\Documents\projects\maestria\POC\multimodal_DQ_analysis\data\images\archive\Slight Insect Damage\Slight Insect Damage_36.jpg,Slight Insect Damage_36.jpg,.jpg,image,SUCCESS,2026-05-27T22:15:07.406533,500.0,500.0,1.0,JPEG,RGB,110476,
C:\Users\USER\Documents\projects\maestria\POC\multimodal_DQ_analysis\data\images\archive\Slight Insect Damage\Slight Insect Damage_37.jpg,Slight Insect Damage_37.jpg,.jpg,image,SUCCESS,2026-05-27T22:15:07.407419,500.0,500.0,1.0,JPEG,RGB,120031,
C:\Users\USER\Documents\projects\maestria\POC\multimodal_DQ_analysis\data\images\archive\Slight Insect Damage\Slight Insect Damage_38.jpg,Slight Insect Damage_38.jpg,.jpg,image,SUCCESS,2026-05-27T22:15:07.408104,500.0,500.0,1.0,JPEG,RGB,93682,
C:\Users\USER\Documents\projects\maestria\POC\multimodal_DQ_analysis\data\images\archive\Slight Insect Damage\Slight Insect Damage_39.jpg,Slight Insect Damage_39.jpg,.jpg,image,SUCCESS,2026-05-27T22:15:07.408769,500.0,500.0,1.0,JPEG,RGB,115699,
C:\Users\USER\Documents\projects\maestria\POC\multimodal_DQ_analysis\data\images\archive\Slight Insect Damage\Slight Insect Damage_40.jpg,Slight Insect Damage_40.jpg,.jpg,image,SUCCESS,2026-05-27T22:15:07.409951,500.0,500.0,1.0,JPEG,RGB,115144,
C:\Users\USER\Documents\projects\maestria\POC\multimodal_DQ_analysis\data\images\archive\Slight Insect Damage\Slight Insect Damage_41.jpg,Slight Insect Damage_41.jpg,.jpg,image,SUCCESS,2026-05-27T22:15:07.410692,500.0,500.0,1.0,JPEG,RGB,86864,
C:\Users\USER\Documents\projects\maestria\POC\multimodal_DQ_analysis\data\images\archive\Slight Insect Damage\Slight Insect Damage_42.jpg,Slight Insect Damage_42.jpg,.jpg,image,SUCCESS,2026-05-27T22:15:07.411582,500.0,500.0,1.0,JPEG,RGB,133931,
C:\Users\USER\Documents\projects\maestria\POC\multimodal_DQ_analysis\data\images\archive\Slight Insect Damage\Slight Insect Damage_43.jpg,Slight Insect Damage_43.jpg,.jpg,image,SUCCESS,2026-05-27T22:15:07.412308,500.0,500.0,1.0,JPEG,RGB,89371,
C:\Users\USER\Documents\projects\maestria\POC\multimodal_DQ_analysis\data\images\archive\Slight Insect Damage\Slight Insect Damage_44.jpg,Slight Insect Damage_44.jpg,.jpg,image,SUCCESS,2026-05-27T22:15:07.413017,500.0,500.0,1.0,JPEG,RGB,89681,
C:\Users\USER\Documents\projects\maestria\POC\multimodal_DQ_analysis\data\images\archive\Slight Insect Damage\Slight Insect Damage_45.jpg,Slight Insect Damage_45.jpg,.jpg,image,SUCCESS,2026-05-27T22:15:07.413784,500.0,500.0,1.0,JPEG,RGB,108103,
C:\Users\USER\Documents\projects\maestria\POC\multimodal_DQ_analysis\data\images\archive\Slight Insect Damage\Slight Insect Damage_46.jpg,Slight Insect Damage_46.jpg,.jpg,image,SUCCESS,2026-05-27T22:15:07.414533,500.0,500.0,1.0,JPEG,RGB,118259,
C:\Users\USER\Documents\projects\maestria\POC\multimodal_DQ_analysis\data\images\archive\Slight Insect Damage\Slight Insect Damage_47.jpg,Slight Insect Damage_47.jpg,.jpg,image,SUCCESS,2026-05-27T22:15:07.415272,500.0,500.0,1.0,JPEG,RGB,117438,
C:\Users\USER\Documents\projects\maestria\POC\multimodal_DQ_analysis\data\images\archive\Slight Insect Damage\Slight Insect Damage_48.jpg,Slight Insect Damage_48.jpg,.jpg,image,SUCCESS,2026-05-27T22:15:07.416015,500.0,500.0,1.0,JPEG,RGB,122614,
C:\Users\USER\Documents\projects\maestria\POC\multimodal_DQ_analysis\data\images\archive\Slight Insect Damage\Slight Insect Damage_49.jpg,Slight Insect Damage_49.jpg,.jpg,image,SUCCESS,2026-05-27T22:15:07.416761,500.0,500.0,1.0,JPEG,RGB,125632,
C:\Users\USER\Documents\projects\maestria\POC\multimodal_DQ_analysis\data\images\archive\Slight Insect Damage\Slight Insect Damage_50.jpg,Slight Insect Damage_50.jpg,.jpg,image,SUCCESS,2026-05-27T22:15:07.417499,500.0,500.0,1.0,JPEG,RGB,114357,
C:\Users\USER\Documents\projects\maestria\POC\multimodal_DQ_analysis\data\images\archive\Slight Insect Damage\Slight Insect Damage_51.jpg,Slight Insect Damage_51.jpg,.jpg,image,SUCCESS,2026-05-27T22:15:07.418234,500.0,500.0,1.0,JPEG,RGB,111325,
C:\Users\USER\Documents\projects\maestria\POC\multimodal_DQ_analysis\data\images\archive\Slight Insect Damage\Slight Insect Damage_52.jpg,Slight Insect Damage_52.jpg,.jpg,image,SUCCESS,2026-05-27T22:15:07.418960,500.0,500.0,1.0,JPEG,RGB,106733,
C:\Users\USER\Documents\projects\maestria\POC\multimodal_DQ_analysis\data\images\archive\Slight Insect Damage\Slight Insect Damage_53.jpg,Slight Insect Damage_53.jpg,.jpg,image,SUCCESS,2026-05-27T22:15:07.419675,500.0,500.0,1.0,JPEG,RGB,105177,
C:\Users\USER\Documents\projects\maestria\POC\multimodal_DQ_analysis\data\images\archive\Slight Insect Damage\Slight Insect Damage_54.jpg,Slight Insect Damage_54.jpg,.jpg,image,SUCCESS,2026-05-27T22:15:07.420359,500.0,500.0,1.0,JPEG,RGB,106953,
C:\Users\USER\Documents\projects\maestria\POC\multimodal_DQ_analysis\data\images\archive\Slight Insect Damage\Slight Insect Damage_55.jpg,Slight Insect Damage_55.jpg,.jpg,image,SUCCESS,2026-05-27T22:15:07.421136,500.0,500.0,1.0,JPEG,RGB,132516,
C:\Users\USER\Documents\projects\maestria\POC\multimodal_DQ_analysis\data\images\archive\Withered\Withered_01.jpg,Withered_01.jpg,.jpg,image,SUCCESS,2026-05-27T22:15:07.421831,500.0,500.0,1.0,JPEG,RGB,99552,
C:\Users\USER\Documents\projects\maestria\POC\multimodal_DQ_analysis\data\images\archive\Withered\Withered_02.jpg,Withered_02.jpg,.jpg,image,SUCCESS,2026-05-27T22:15:07.422626,500.0,500.0,1.0,JPEG,RGB,100722,
C:\Users\USER\Documents\projects\maestria\POC\multimodal_DQ_analysis\data\images\archive\Withered\Withered_03.jpg,Withered_03.jpg,.jpg,image,SUCCESS,2026-05-27T22:15:07.423813,500.0,500.0,1.0,JPEG,RGB,106120,
C:\Users\USER\Documents\projects\maestria\POC\multimodal_DQ_analysis\data\images\archive\Withered\Withered_04.jpg,Withered_04.jpg,.jpg,image,SUCCESS,2026-05-27T22:15:07.424635,500.0,500.0,1.0,JPEG,RGB,98918,
C:\Users\USER\Documents\projects\maestria\POC\multimodal_DQ_analysis\data\images\archive\Withered\Withered_05.jpg,Withered_05.jpg,.jpg,image,SUCCESS,2026-05-27T22:15:07.425353,500.0,500.0,1.0,JPEG,RGB,109799,
C:\Users\USER\Documents\projects\maestria\POC\multimodal_DQ_analysis\data\images\archive\Withered\Withered_06.jpg,Withered_06.jpg,.jpg,image,SUCCESS,2026-05-27T22:15:07.426060,500.0,500.0,1.0,JPEG,RGB,105664,
C:\Users\USER\Documents\projects\maestria\POC\multimodal_DQ_analysis\data\images\archive\Withered\Withered_07.jpg,Withered_07.jpg,.jpg,image,SUCCESS,2026-05-27T22:15:07.426773,500.0,500.0,1.0,JPEG,RGB,102260,
C:\Users\USER\Documents\projects\maestria\POC\multimodal_DQ_analysis\data\images\archive\Withered\Withered_08.jpg,Withered_08.jpg,.jpg,image,SUCCESS,2026-05-27T22:15:07.427509,500.0,500.0,1.0,JPEG,RGB,105158,
C:\Users\USER\Documents\projects\maestria\POC\multimodal_DQ_analysis\data\images\archive\Withered\Withered_09.jpg,Withered_09.jpg,.jpg,image,SUCCESS,2026-05-27T22:15:07.428528,500.0,500.0,1.0,JPEG,RGB,102949,
C:\Users\USER\Documents\projects\maestria\POC\multimodal_DQ_analysis\data\images\archive\Withered\Withered_10.jpg,Withered_10.jpg,.jpg,image,SUCCESS,2026-05-27T22:15:07.429403,500.0,500.0,1.0,JPEG,RGB,102945,
C:\Users\USER\Documents\projects\maestria\POC\multimodal_DQ_analysis\data\images\archive\Withered\Withered_11.jpg,Withered_11.jpg,.jpg,image,SUCCESS,2026-05-27T22:15:07.430158,500.0,500.0,1.0,JPEG,RGB,101462,
C:\Users\USER\Documents\projects\maestria\POC\multimodal_DQ_analysis\data\images\archive\Withered\Withered_12.jpg,Withered_12.jpg,.jpg,image,SUCCESS,2026-05-27T22:15:07.430887,500.0,500.0,1.0,JPEG,RGB,102200,
C:\Users\USER\Documents\projects\maestria\POC\multimodal_DQ_analysis\data\images\archive\Withered\Withered_13.jpg,Withered_13.jpg,.jpg,image,SUCCESS,2026-05-27T22:15:07.431607,500.0,500.0,1.0,JPEG,RGB,96583,
C:\Users\USER\Documents\projects\maestria\POC\multimodal_DQ_analysis\data\images\archive\Withered\Withered_14.jpg,Withered_14.jpg,.jpg,image,SUCCESS,2026-05-27T22:15:07.432313,500.0,500.0,1.0,JPEG,RGB,102172,
C:\Users\USER\Documents\projects\maestria\POC\multimodal_DQ_analysis\data\images\archive\Withered\Withered_15.jpg,Withered_15.jpg,.jpg,image,SUCCESS,2026-05-27T22:15:07.433018,500.0,500.0,1.0,JPEG,RGB,107963,
C:\Users\USER\Documents\projects\maestria\POC\multimodal_DQ_analysis\data\images\archive\Withered\Withered_16.jpg,Withered_16.jpg,.jpg,image,SUCCESS,2026-05-27T22:15:07.433728,500.0,500.0,1.0,JPEG,RGB,112956,
C:\Users\USER\Documents\projects\maestria\POC\multimodal_DQ_analysis\data\images\archive\Withered\Withered_17.jpg,Withered_17.jpg,.jpg,image,SUCCESS,2026-05-27T22:15:07.434448,500.0,500.0,1.0,JPEG,RGB,109540,
C:\Users\USER\Documents\projects\maestria\POC\multimodal_DQ_analysis\data\images\archive\Withered\Withered_18.jpg,Withered_18.jpg,.jpg,image,SUCCESS,2026-05-27T22:15:07.435202,500.0,500.0,1.0,JPEG,RGB,98174,
C:\Users\USER\Documents\projects\maestria\POC\multimodal_DQ_analysis\data\images\archive\Withered\Withered_19.jpg,Withered_19.jpg,.jpg,image,SUCCESS,2026-05-27T22:15:07.435899,500.0,500.0,1.0,JPEG,RGB,102945,
C:\Users\USER\Documents\projects\maestria\POC\multimodal_DQ_analysis\data\images\archive\Withered\Withered_20.jpg,Withered_20.jpg,.jpg,image,SUCCESS,2026-05-27T22:15:07.436482,500.0,500.0,1.0,JPEG,RGB,95987,
C:\Users\USER\Documents\projects\maestria\POC\multimodal_DQ_analysis\data\images\archive\Withered\Withered_21.jpg,Withered_21.jpg,.jpg,image,SUCCESS,2026-05-27T22:15:07.437138,500.0,500.0,1.0,JPEG,RGB,102940,
C:\Users\USER\Documents\projects\maestria\POC\multimodal_DQ_analysis\data\images\archive\Withered\Withered_22.jpg,Withered_22.jpg,.jpg,image,SUCCESS,2026-05-27T22:15:07.438095,500.0,500.0,1.0,JPEG,RGB,106390,
C:\Users\USER\Documents\projects\maestria\POC\multimodal_DQ_analysis\data\images\archive\Withered\Withered_23.jpg,Withered_23.jpg,.jpg,image,SUCCESS,2026-05-27T22:15:07.438895,500.0,500.0,1.0,JPEG,RGB,102182,
C:\Users\USER\Documents\projects\maestria\POC\multimodal_DQ_analysis\data\images\archive\Withered\Withered_24.jpg,Withered_24.jpg,.jpg,image,SUCCESS,2026-05-27T22:15:07.439849,500.0,500.0,1.0,JPEG,RGB,102187,
C:\Users\USER\Documents\projects\maestria\POC\multimodal_DQ_analysis\data\images\archive\Withered\Withered_25.jpg,Withered_25.jpg,.jpg,image,SUCCESS,2026-05-27T22:15:07.440655,500.0,500.0,1.0,JPEG,RGB,111820,
C:\Users\USER\Documents\projects\maestria\POC\multimodal_DQ_analysis\data\images\archive\Withered\Withered_26.jpg,Withered_26.jpg,.jpg,image,SUCCESS,2026-05-27T22:15:07.441434,500.0,500.0,1.0,JPEG,RGB,106909,
C:\Users\USER\Documents\projects\maestria\POC\multimodal_DQ_analysis\data\images\archive\Withered\Withered_27.jpg,Withered_27.jpg,.jpg,image,SUCCESS,2026-05-27T22:15:07.442208,500.0,500.0,1.0,JPEG,RGB,109531,
C:\Users\USER\Documents\projects\maestria\POC\multimodal_DQ_analysis\data\images\archive\Withered\Withered_28.jpg,Withered_28.jpg,.jpg,image,SUCCESS,2026-05-27T22:15:07.442956,500.0,500.0,1.0,JPEG,RGB,103793,
C:\Users\USER\Documents\projects\maestria\POC\multimodal_DQ_analysis\data\images\archive\Withered\Withered_29.jpg,Withered_29.jpg,.jpg,image,SUCCESS,2026-05-27T22:15:07.443692,500.0,500.0,1.0,JPEG,RGB,106046,
C:\Users\USER\Documents\projects\maestria\POC\multimodal_DQ_analysis\data\images\archive\Withered\Withered_30.jpg,Withered_30.jpg,.jpg,image,SUCCESS,2026-05-27T22:15:07.444410,500.0,500.0,1.0,JPEG,RGB,97176,
C:\Users\USER\Documents\projects\maestria\POC\multimodal_DQ_analysis\data\images\archive\Withered\Withered_31.jpg,Withered_31.jpg,.jpg,image,SUCCESS,2026-05-27T22:15:07.445141,500.0,500.0,1.0,JPEG,RGB,111282,
C:\Users\USER\Documents\projects\maestria\POC\multimodal_DQ_analysis\data\images\archive\Withered\Withered_32.jpg,Withered_32.jpg,.jpg,image,SUCCESS,2026-05-27T22:15:07.445862,500.0,500.0,1.0,JPEG,RGB,118250,
C:\Users\USER\Documents\projects\maestria\POC\multimodal_DQ_analysis\data\images\archive\Withered\Withered_33.jpg,Withered_33.jpg,.jpg,image,SUCCESS,2026-05-27T22:15:07.446576,500.0,500.0,1.0,JPEG,RGB,111977,
C:\Users\USER\Documents\projects\maestria\POC\multimodal_DQ_analysis\data\images\archive\Withered\Withered_34.jpg,Withered_34.jpg,.jpg,image,SUCCESS,2026-05-27T22:15:07.447281,500.0,500.0,1.0,JPEG,RGB,111654,
C:\Users\USER\Documents\projects\maestria\POC\multimodal_DQ_analysis\data\images\archive\Withered\Withered_35.jpg,Withered_35.jpg,.jpg,image,SUCCESS,2026-05-27T22:15:07.447995,500.0,500.0,1.0,JPEG,RGB,101798,
C:\Users\USER\Documents\projects\maestria\POC\multimodal_DQ_analysis\data\images\archive\Withered\Withered_36.jpg,Withered_36.jpg,.jpg,image,SUCCESS,2026-05-27T22:15:07.448707,500.0,500.0,1.0,JPEG,RGB,115681,
C:\Users\USER\Documents\projects\maestria\POC\multimodal_DQ_analysis\data\images\archive\Withered\Withered_37.jpg,Withered_37.jpg,.jpg,image,SUCCESS,2026-05-27T22:15:07.449440,500.0,500.0,1.0,JPEG,RGB,108952,
C:\Users\USER\Documents\projects\maestria\POC\multimodal_DQ_analysis\data\images\archive\Withered\Withered_38.jpg,Withered_38.jpg,.jpg,image,SUCCESS,2026-05-27T22:15:07.450143,500.0,500.0,1.0,JPEG,RGB,104215,
C:\Users\USER\Documents\projects\maestria\POC\multimodal_DQ_analysis\data\images\archive\Withered\Withered_39.jpg,Withered_39.jpg,.jpg,image,SUCCESS,2026-05-27T22:15:07.450856,500.0,500.0,1.0,JPEG,RGB,107888,
C:\Users\USER\Documents\projects\maestria\POC\multimodal_DQ_analysis\data\images\archive\Withered\Withered_40.jpg,Withered_40.jpg,.jpg,image,SUCCESS,2026-05-27T22:15:07.451558,500.0,500.0,1.0,JPEG,RGB,109408,
C:\Users\USER\Documents\projects\maestria\POC\multimodal_DQ_analysis\data\images\archive\Withered\Withered_41.jpg,Withered_41.jpg,.jpg,image,SUCCESS,2026-05-27T22:15:07.452289,500.0,500.0,1.0,JPEG,RGB,119119,
C:\Users\USER\Documents\projects\maestria\POC\multimodal_DQ_analysis\data\images\archive\Withered\Withered_42.jpg,Withered_42.jpg,.jpg,image,SUCCESS,2026-05-27T22:15:07.453003,500.0,500.0,1.0,JPEG,RGB,123928,
C:\Users\USER\Documents\projects\maestria\POC\multimodal_DQ_analysis\data\images\archive\Withered\Withered_43.jpg,Withered_43.jpg,.jpg,image,SUCCESS,2026-05-27T22:15:07.453747,500.0,500.0,1.0,JPEG,RGB,114330,
C:\Users\USER\Documents\projects\maestria\POC\multimodal_DQ_analysis\data\images\archive\Withered\Withered_44.jpg,Withered_44.jpg,.jpg,image,SUCCESS,2026-05-27T22:15:07.454672,500.0,500.0,1.0,JPEG,RGB,115486,
C:\Users\USER\Documents\projects\maestria\POC\multimodal_DQ_analysis\data\images\archive\Withered\Withered_45.jpg,Withered_45.jpg,.jpg,image,SUCCESS,2026-05-27T22:15:07.455655,500.0,500.0,1.0,JPEG,RGB,116119,
C:\Users\USER\Documents\projects\maestria\POC\multimodal_DQ_analysis\data\images\archive\Withered\Withered_46.jpg,Withered_46.jpg,.jpg,image,SUCCESS,2026-05-27T22:15:07.456465,500.0,500.0,1.0,JPEG,RGB,98290,
C:\Users\USER\Documents\projects\maestria\POC\multimodal_DQ_analysis\data\images\archive\Withered\Withered_47.jpg,Withered_47.jpg,.jpg,image,SUCCESS,2026-05-27T22:15:07.457210,500.0,500.0,1.0,JPEG,RGB,114511,
C:\Users\USER\Documents\projects\maestria\POC\multimodal_DQ_analysis\data\images\archive\Withered\Withered_48.jpg,Withered_48.jpg,.jpg,image,SUCCESS,2026-05-27T22:15:07.457880,500.0,500.0,1.0,JPEG,RGB,109351,
C:\Users\USER\Documents\projects\maestria\POC\multimodal_DQ_analysis\data\images\archive\Withered\Withered_49.jpg,Withered_49.jpg,.jpg,image,SUCCESS,2026-05-27T22:15:07.459047,500.0,500.0,1.0,JPEG,RGB,112452,
C:\Users\USER\Documents\projects\maestria\POC\multimodal_DQ_analysis\data\images\archive\Withered\Withered_50.jpg,Withered_50.jpg,.jpg,image,SUCCESS,2026-05-27T22:15:07.459921,500.0,500.0,1.0,JPEG,RGB,113148,
C:\Users\USER\Documents\projects\maestria\POC\multimodal_DQ_analysis\data\images\archive\Withered\Withered_51.jpg,Withered_51.jpg,.jpg,image,SUCCESS,2026-05-27T22:15:07.461219,500.0,500.0,1.0,JPEG,RGB,100293,
C:\Users\USER\Documents\projects\maestria\POC\multimodal_DQ_analysis\data\images\archive\Withered\Withered_52.jpg,Withered_52.jpg,.jpg,image,SUCCESS,2026-05-27T22:15:07.462277,500.0,500.0,1.0,JPEG,RGB,99075,
C:\Users\USER\Documents\projects\maestria\POC\multimodal_DQ_analysis\data\images\archive\Withered\Withered_53.jpg,Withered_53.jpg,.jpg,image,SUCCESS,2026-05-27T22:15:07.463270,500.0,500.0,1.0,JPEG,RGB,97760,
C:\Users\USER\Documents\projects\maestria\POC\multimodal_DQ_analysis\data\images\archive\Withered\Withered_54.jpg,Withered_54.jpg,.jpg,image,SUCCESS,2026-05-27T22:15:07.464731,500.0,500.0,1.0,JPEG,RGB,107400,
C:\Users\USER\Documents\projects\maestria\POC\multimodal_DQ_analysis\data\images\coffee.jpg,coffee.jpg,.jpg,image,SUCCESS,2026-05-27T22:15:07.465627,1023.0,949.0,1.078,JPEG,RGB,165354,
C:\Users\USER\Documents\projects\maestria\POC\multimodal_DQ_analysis\data\images\coffee_blurred.png,coffee_blurred.png,.png,image,SUCCESS,2026-05-27T22:15:07.466351,1056.0,992.0,1.065,PNG,RGB,1025631,
C:\Users\USER\Documents\projects\maestria\POC\multimodal_DQ_analysis\data\images\ejemplo.jpg,ejemplo.jpg,.jpg,image,SUCCESS,2026-05-27T22:15:07.466840,1280.0,1920.0,0.667,JPEG,RGB,589591,
C:\Users\USER\Documents\projects\maestria\POC\multimodal_DQ_analysis\data\images\ejemplo.png,ejemplo.png,.png,image,SUCCESS,2026-05-27T22:15:07.467329,1280.0,1920.0,0.667,PNG,RGB,5781114,
C:\Users\USER\Documents\projects\maestria\POC\multimodal_DQ_analysis\data\images\images.ipynb,images.ipynb,.ipynb,unknown,UNSUPPORTED,2026-05-27T22:15:07.467417,,,,,,19574404,Unsupported file format / unknown modality
C:\Users\USER\Documents\projects\maestria\POC\multimodal_DQ_analysis\data\images\output.png,output.png,.png,image,SUCCESS,2026-05-27T22:15:07.469918,3905.0,2490.0,1.568,PNG,RGBA,14673600,
